chi_squared,yu11,yu12,yu13,yu21,yu22,yu23,yu31,yu32,yu33,pu11,pu12,pu13,pu21,pu22,pu23,pu31,pu32,pu33,yd11,yd12,yd13,yd21,yd22,yd23,yd31,yd32,yd33,pd11,pd12,pd13,pd21,pd22,pd23,pd31,pd32,pd33,cL1,cL2,cL3,cu1,cu2,cu3,cd1,cd2,cd3
0.1592725213021414,0.059668926985722376,0.8256004421179478,0.23853678262561495,0.023538535729367108,0.4105156362454216,0.1206758173630126,1.2947175555694983,2.3009567151971986,3.9890846109596114,3.1120744384645898,-0.5511722161325129,-2.777492127349043,3.089401260615201,0.6106357057091674,-2.3589647085866066,-1.3779906008887721,1.9017256740297883,-0.6002402035490721,0.3001910440010769,0.4299675601801704,0.4789300271133314,1.1067678264758856,0.3962914898437491,1.2697632697703052,0.2301518260001034,0.3240583988961317,0.5206157906434096,1.0616365925472664,1.132412843502844,-3.1047418614004267,-0.6673079989876318,0.4598355371393028,0.2291710246911429,0.576195427112411,2.4643641504131253,1.3360791044804046,0.3495339088406957,0.7782343748446436,0.6918589879524868,0.8336579462504092,0.3711306413380085,0.1628151421286601,0.13626690461068147,0.9947262144064676,0.2641555385917025
13.116104203015151,0.11057402630704967,0.19700173313760272,0.17053491845492316,0.2072155470909008,0.15674058782090844,0.05979561844777687,2.390812350912866,3.98486562002531,3.990956861990104,-2.81488107713719,0.7626550050902465,0.8686621840295627,0.6697622040392646,3.0360684366305923,-1.638324989244773,-1.4193237041276874,2.4997614163267383,2.5404970414525216,0.2533342518162384,0.24744246819654603,0.4065267907951589,3.3298713527250285,3.133321451394325,1.6383007494885278,0.2635157969030569,0.3827857724507899,0.7834448714725012,2.2659235215511764,-2.7251394962458844,0.5450824195086095,2.1051154928837104,0.6136677735689529,1.2017790085290097,2.929547161742617,1.0412790712253406,1.0972954024998982,0.6718139316129306,0.6467453177427136,0.2604290186423128,0.916767878322632,0.6335203351066436,0.12230331980555895,0.41870750759793696,0.16735433977012093,0.9412869919231
8.124019133591139,0.10854209203073978,3.9559489076435073,0.01352314920510617,0.239027681797258,0.05510627917245922,0.4435627666555565,0.6429674713897391,3.8551100863868006,1.0309107748753414,2.9828250020901983,2.3358592109754057,-2.3240477001122195,-1.5763140973307324,3.049141180857178,-1.7946370943387204,-3.1124080450992513,2.3556640140934624,2.9871403042344737,0.4402985521914888,0.1900478769478144,0.0563156512159036,3.978865629209721,2.5143117549452443,3.189205600444848,0.847224768124706,0.5948685261206776,0.345563764425247,-1.5102871836837013,2.3380245620798306,0.9501914631629303,-0.05764256231159547,-2.4478637265129564,2.5187766385400967,-0.0462108876493712,0.6689171810200105,2.4498076515328755,0.89580402082799,0.3377216991139105,0.8157768931240321,0.3800173278934773,0.7463006465574153,0.6560653038414039,0.6635781866872152,0.42278355884222,0.8817351685612982
1.8998363788258883e-05,0.688530032581646,3.79568378352213,3.4349404238435297,0.7827802163952828,3.994523142075958,2.411090415792168,0.03960462894275373,3.5908727491548174,2.9810269117866786,-2.8424749774415803,1.7308597438447535,1.7048846262304045,-1.6386710790154468,-2.053047541489117,-0.6202112551656405,-0.611630635556546,-1.7599656916224564,-2.0799228773260072,0.4190711340384177,0.10439477210961326,0.0488336811864729,0.3491689780991021,1.3886210800827008,3.9913808300541347,1.1825681935169765,1.0760232888441883,0.3781246230420632,-1.5696327796460041,0.6798169037472159,3.0892380741427057,3.14158245283476,0.6564282707906819,-2.7311250774752094,-1.9036861774992897,-2.8173772926708467,3.141259274707302,0.7173792562937749,0.83549633988435,0.3927539890842562,0.3531518016595792,0.3479431963963093,0.4951448560126889,0.1510663717249261,0.6088063038800753,0.13924019395375398
0.02149995670976738,0.047419173371349106,0.07387889179117564,0.09035700487107025,0.11057309535571185,0.1287943640451421,0.3650959131927875,0.13014973518304038,0.14850088291517727,0.4831937984039404,-1.0580748862776739,2.930851805968075,-0.8053099712404701,0.5349561362844595,-1.4559961057230724,0.6693000438840326,2.254157045360471,0.42880478955813484,2.3190992730857376,0.3071024619444856,0.3731979178622696,0.883815753357796,2.7227328180410546,1.7159008626735663,2.832307520899611,0.21088510446729342,0.22742874772387597,0.4356226720438652,3.138878388317555,1.1745690452607347,-3.1415708025823132,-2.0446320287325497,-1.794309466369838,0.6896667363394746,2.8024979572033297,-2.270315060151673,-3.0731119024161835,0.8414973253934752,0.7594248013942027,0.6780319716344572,0.1297180560710256,0.38356131385794257,0.24778676730851945,0.607341802471097,0.32918447030691356,0.9571055811451075
0.00599466363511228,1.254809734226138,3.385524280384281,2.752125848640489,0.2697662653970766,2.55142696140278,0.15350418074743116,0.057078693954816025,0.21824119115565285,0.1345096040775634,-3.0928432921387774,1.2641170291020662,1.9457650041296644,0.1078670382896636,2.6089413917476083,-1.4098509274560622,0.8495807211552968,-0.8997609382407705,-0.3969217156012026,0.44169778685403466,0.18819462957164773,0.17343648673760464,1.9852694323319666,0.6199669502802619,3.996293773951927,0.8424529402626139,0.5999612638572334,0.24287497063706612,2.870584672449924,-3.1405904971114253,1.2111857676623519,-1.5299613850112768,-1.7972051545945071,2.647635821108331,2.653537993092832,0.1729725462759868,-2.8356691336418836,0.13182531433759692,0.7632711519806734,0.2968694831971117,0.8008375044194089,0.44197480517551924,0.1337080982326575,0.988926489382119,0.6941656105420151,0.5347705229542323
0.011930446828948655,0.03026269894878443,2.4341270600395424,0.9409672749025537,1.5815387725472023,1.7433693159720793,0.976105484068849,0.016654625541128724,0.010692096172795602,0.01000456709218221,0.9288485662173809,0.8360665435470542,-1.9164392224721232,-1.4544916031984871,1.4506744703287504,-1.2722961966902493,-0.31455545090953807,1.7639220297835205,-0.8711199146598112,0.6776199775122925,0.33075566165450304,0.31712810969523925,0.4050763660888631,0.3438406353234438,1.9953866242243377,0.43310304164772356,0.39180651863349375,0.14270010930297491,2.490561735158857,-1.2338754804613068,0.15642276259864207,-2.583765539564154,1.347881345284054,-2.345223863178173,-2.347575971172572,3.0513142006825404,-2.0597030428614103,0.16650777867586886,0.24728226243660734,0.20450670144946015,0.5300835799530583,0.9774477749433093,0.5705002289744439,0.4135393006105996,0.8278220872878661,0.12288156231543867
8.538470751789077,1.5416165488112432,3.483916535740424,2.938789526564523,0.07564429929268592,1.0653935800902439,0.08875104221554896,0.2612863241412866,1.6363493818121417,0.7685684424453172,-0.2966492900999045,-1.8632605034802867,2.8837491953610366,1.9486440430178131,-1.7152944063134639,2.8051116830841387,3.023097498206906,1.5242555179834376,-0.22585550595747206,0.4498813396783021,0.22017339353436993,0.11675254605738382,0.5684593928675631,0.8574432167554749,2.9087841460281423,0.7725810089246276,0.5539358976974023,0.2961477904366577,0.15094120854960025,-2.3131030964164943,-0.07388365512459183,-2.57193332468776,2.0095860450016145,-1.1868483738545146,2.111821087529882,1.9144007201430053,-3.0448598611445874,0.5780283194333151,0.7199424907510048,0.22517924108157938,0.8339156126206619,0.929597765698698,0.3243879857729888,0.25088550114924635,0.5745112759315716,0.6929827760947287
6.918400683912068,3.345869910637829,2.3038961309270762,3.993247451178716,1.7091889887944811,2.349571588721668,1.088460199488713,0.2144994159164514,0.07707209001657436,0.329281282212958,-1.93116787638202,2.079957970025636,1.5339697701639379,-2.9793272700137443,0.7774156227547393,1.2200424764774516,0.8346586913143312,-1.7698488375079704,-2.1062066535237136,0.4331429683280401,0.17862786244127318,0.16386992071349837,2.6752423642330165,0.3922660742128155,1.3612810053791513,0.9391404262609772,0.6340488748955047,0.2684547531609325,0.5120465104843355,3.140179006285913,-2.837680878792713,1.511183912543017,-2.246614022420316,2.0594956559667956,2.1521505077261365,-2.753338297203237,0.20898859455075014,0.28670059199822084,0.6979180926779591,0.4330059728542346,0.2661700800061868,0.7596512381732925,0.7195326469676258,0.7351858901088004,0.7874150890638774,0.889272476997037
7.068198085399532,3.640377938185626,3.9498708686846946,3.172845961868567,1.9682418619761644,2.1339327864094564,1.7233655393209266,0.8082145720091385,1.0501317751716195,0.6464262942596612,-2.1150482116677214,2.332773822201834,0.3262987649087763,1.7912584933814415,-0.04614666639089915,-2.0497935206161966,2.4908449376071538,0.6482500526273749,-0.8190593079499484,0.4343551125752648,0.37350199845425563,0.30864338344477155,2.209070571743823,1.2847926257255666,0.4071434787056198,0.5708931013829479,0.18400793779169483,0.36391471146122956,2.0627649633655327,-3.1415881997190023,2.459422818498793,-2.8890496677680577,2.972369586987452,-3.067628321062578,-2.1417460569633526,0.6562918289537576,2.944628883501336,0.3145285128104973,0.19823166220878008,0.21608827213772797,0.36924681763755274,0.8363673083992671,0.5067451741551992,0.8524731720638665,0.7060530491331667,0.46683580697769544
5.553752097186864,3.9999935152074486,1.3391233511108107,3.6799638838014523,3.494642325674159,1.3038328132742065,3.176412127807326,2.3767776876164897,2.428564630016668,2.102030830242224,-2.970897702260032,-1.8862781878775545,-2.9589650942889216,1.2552062211950439,0.5771049458289488,1.2369905457465693,-0.0003096179924977349,-1.6873078726415371,-0.03718544882828523,0.41236475918329085,0.13991119351843734,0.020360788725120087,3.030068954333189,1.6289038060272862,2.1440766916326437,1.3387147824887038,0.8672241147368452,0.4059943288206743,-0.6390056481469486,-2.419741855997886,-0.24822995072237353,1.5953873196436872,0.4079377156758204,2.1180158475872464,1.7141507325713086,2.744869066967504,0.7657432231698453,0.8881099993894868,0.4444423844430334,0.19258742333619105,0.6859510483279694,0.6672822313447204,0.3744389562031709,0.9170774194436748,0.7521067568570521,0.3649846526011493
0.2614077187040367,3.650643482568025,3.77748230650676,2.5275819604529994,0.06897954552405246,1.357791979416834,0.14713616846747876,3.755517905034349,2.414497146080302,2.4861847482256265,0.9736738331501433,-0.05356617305326816,-0.6704633210027322,2.4968993174065535,0.7675471470291204,0.6002905425208653,-2.5388519428444205,2.687364954660925,2.080591404147409,0.41599243235457806,0.1768223604697402,0.07621632996190049,2.2016870739097305,1.4772833934245821,3.995024833429759,1.2433735016589584,0.7155318177544944,0.31857846079523133,-0.1778518165758789,-0.5271699548916247,0.9265594418633576,-2.3940619790537614,-2.3972230892465856,-1.6819938170653734,-2.9844703482203427,0.7291719827995395,-1.8501412080094035,0.24352972047153587,0.5048844556647181,0.7671046915806041,0.4736208299364977,0.6780525424633388,0.33588110913210834,0.5006251243580135,0.38282989494491737,0.4203003627762385
7.014921410537921e-05,0.19432803492884554,1.8781792494865135,0.01813841875100707,0.2596155908386492,2.429375304545235,2.1994952949480995,0.27397054239742014,2.1258650656669946,3.9999571047523834,0.7798452020940299,-2.6263073744595613,-1.212130797947346,-0.5834063852903926,2.173088113305411,2.5097858133971016,-1.6680148403258575,1.3994761290712603,-1.3646606296247263,0.43933225465189857,0.25209662527528454,0.41995261747493773,0.44833218750878806,0.19836167149691764,3.7783170244441795,0.3013935730522888,0.233198976731713,0.6536768347811351,-1.5708638542729048,-1.82303326504893,2.3643932248424697,-0.4315113692082986,2.253341651057786,1.426324242270991,2.0266348886571404,-1.9147218378697248,3.1409014883065867,0.9149994891579967,0.5922008424572898,0.5995919144784851,0.10357288794621367,0.3888385837909212,0.26833384976204755,0.5501126005111261,0.5487591876182187,0.2757067811374232
0.00012024478618757634,3.920044242226801,3.977076193882301,3.998935244330043,2.6395729296345487,0.8092657349756431,0.4159740087892503,3.9847264337981714,1.2235484379185277,0.6415510743290823,2.9557022066185166,-1.1365615967868683,-2.248905931816714,-1.7639355799126053,2.9114436481200796,-1.0859013781975744,1.5371691066040984,-0.26204368043695236,2.4724230976313804,0.42211325576756625,0.18020639653870618,0.06049945962592023,0.6004069066241008,0.869228070801772,3.1698776568670977,1.1191689523129593,0.6867508579855693,0.34325508933563964,-0.6370230936849266,-1.5209421283279017,-1.939774746944646,-1.850676114581558,-2.044421039219105,-1.2296746465150483,3.1276907476047864,-0.8982460823744307,-3.10320001516035,0.25362077393567084,0.14037217803866753,0.5874447751426883,0.8537380390533142,0.9731614468104963,0.33661941237958803,0.4709826673577808,0.41646628817817266,0.6220260660766717
19.345302221655164,0.26543612926935684,0.698590707654956,0.7603003375525751,3.60169998927,3.9266296041026116,1.284505250325331,2.383857585322959,1.605664531864416,3.999579123511286,0.9874291269207927,-2.37318440056081,1.7877517239904464,-2.623082316571678,3.10289461795806,-2.9553332056463937,3.1392375726619433,2.8492754399977294,-0.09097324091636327,0.12632609106130804,0.4240305301694036,0.20578014104192613,0.9611912198186031,3.197949358736352,0.030890973349775898,0.4333795306520772,0.4539290123093921,0.5923975226637195,-3.1172259935458007,1.5836022469031459,-2.53081141381091,-0.3215736850087616,1.159204631363604,2.0930293786189598,-2.9951065858660226,2.3910514341701914,0.9483335250719049,0.1492341849505987,0.19311429155883264,0.8708484853320542,0.6652914132174845,0.1538234859805323,0.2296931845877319,0.15624292561368858,0.6666048529674455,0.5664669449138806
6.478220243100929,3.401490809990766,0.17486775724148032,1.0164636520048884,3.9999993096906543,1.5846869115318685,2.93344207678697,0.6910089011381381,0.4716685336904411,0.28348005942131155,-1.5297363687358139,-3.132886713803126,0.9761196153072431,0.8675408671751681,-3.0902127511773925,0.19330191433964217,-0.636642930810702,1.0068746303212883,2.357965420304155,0.4268576539324897,0.0649034577988203,0.07825313913975127,3.9650487301760804,0.34864818497609223,3.941850151957876,1.0378021366115142,1.7207654388297973,0.3294699323221008,-1.570706563748495,-1.0035968570882052,-1.9080915842426915,0.07105178101851228,-3.1260095839039064,2.2004765897119096,2.9994185783851828,-2.508406897663754,3.1404651647701867,0.3112368231179432,0.15690859838456195,0.19812402134686202,0.26748573663531605,0.4460394195515036,0.3928974107636436,0.7068291824297885,0.9312119967809429,0.8445398096665437
2.6904677396408383,0.6542629728887328,1.3491723288746071,2.965866734694843,2.1346736870494727,3.6293374759304107,3.633700224410191,1.2912617003003697,3.6297643632682712,0.9168063565286159,-0.7485548507652311,0.856315180661551,-3.1415761504789947,-0.47760372828325437,1.6308671588846,-1.754380117267536,3.09171370897002,2.019552160263573,1.5286354042364785,0.23050100403290522,0.44932836436527257,0.19490605553633378,0.5439661521700297,2.411403322068492,0.04471446723419898,0.45039702642679275,0.4510870260589256,0.6080098695803262,-2.5471665969449524,-2.182848641351473,-1.7913441784915525,-2.786009269335911,-2.0619529651850153,0.3398997410725584,2.1681166153490983,-1.971085819428576,1.7971777751937772,0.6934107682409842,0.4716291533966954,0.10988429646128761,0.5132030824853864,0.20690760455751578,0.5607007943379338,0.5941561647474325,0.29749247781347465,0.4351190209221447
3.788870147148298,3.9999790659089443,2.816107390999076,3.5477283246711613,3.7153930161773054,0.19967877057954983,1.6785530689732975,3.906009090648525,1.75262848115908,2.21071358584175,-2.0234200804533784,0.9936298745870173,-3.0832532073193106,-0.5044868380929137,2.280046945578527,-1.392752665361282,1.5866990718405436,1.2226396438981206,-3.0416676027148157,0.40340963473251307,0.13121702045647854,0.022037110144463398,3.0179775307092425,0.24848438865916084,3.8121058262472536,1.6167986805130539,1.0378230936074782,0.43156530019840494,2.1093268382978696,0.9260122341711234,-0.4196481537822958,-1.1719532917313564,-3.012918090431868,-0.3739447718871358,-2.684916014539645,-3.133960229591363,3.043071834488937,0.5093506381100941,0.7264227563824166,0.619265711979724,0.7648985143157452,0.8100258699951333,0.5437746466112396,0.5416042306237148,0.11854510972001275,0.27547884147527313
4.77634991044682e-05,0.38605734136571,0.03524910478384572,0.3764081914222064,2.302948363143862,2.384822010963519,0.2144220286902674,2.645190832514384,3.339584262724209,0.09001299183390048,2.5811240186068645,-2.4605468509638735,1.8831667106227288,-2.6460060442563416,3.109582102293154,-1.3229949493140325,-2.9590317235679153,2.863709867183216,0.29903143098310814,1.1090148094706687,0.44979067862570554,0.32790612416279524,0.08276173208002124,0.26894396883482974,3.1837140216418343,0.354270448854914,0.3252344021213905,0.0918739937937515,1.570808006502344,2.5223845435412278,-1.7455865821780558,3.139137802807941,0.007768190044310952,2.7237848577801174,1.5533469798191293,-2.0290194053278805,-2.5689673293047006,0.64239832956024,0.704923890722875,0.9818784469655526,0.8036432695663622,0.7282025279022641,0.12926281501295556,0.28686861488822313,0.8172061244041755,0.4493888736008209
0.44977545647708006,3.7863881042217944,3.2916279302545663,2.1737070102469738,0.4293940222411771,0.6167640051357426,0.3690126499228444,2.7614766304811362,3.2584712251322934,1.2776939097045321,-2.741113793062726,-0.045419290620581254,2.6513433656601775,0.9212407697753342,-2.986346477000982,-2.3288019576944388,-2.49127673337268,-0.018080472791090152,0.7840290244687513,0.4279533041711968,0.2582594734166468,0.10183803209226779,2.485880816100337,1.8696052270202965,0.3369523426636949,0.9304375798086685,0.543559784527476,0.3548361208210678,0.4659328646830465,-2.8110850257413107,-2.992951810970396,-0.14316292883955173,2.8872573249037714,-0.013934067822931162,-1.347362489539317,-1.9117448625937115,1.5434690010569012,0.5156423675146105,0.8043328809852195,0.11524645636899455,0.5716120582748667,0.730182322976388,0.283314908540528,0.7338364272522315,0.4746773391905412,0.45112334344393057
3.78175748929822,0.4274856280422104,0.01016426913819944,0.35487335238792056,3.187903381021706,0.8527710846792628,0.23036835218677423,3.1498154585673417,0.8451298219252159,0.0121841308736731,-2.671925388149977,-1.4487268275212655,-1.8544248081526549,-3.13770653989131,2.0943252328357618,-0.7093679617792854,3.0526670830574485,2.09580617404648,1.27879875166564,0.21947238704817076,0.2733766573433931,0.44004854547467936,3.5721261136792792,1.7276450496463889,0.9951263362252201,0.2767562532347986,0.3778627984827111,0.6643599594921573,1.567338939251126,2.393110344045901,0.5482885415862042,-2.069637228583297,1.930978731753827,2.310352085205036,1.8676067002513719,-2.8245537893759405,2.8813602180442164,0.6070366352647425,0.26808615572464456,0.35310196902680957,0.8786353074675723,0.22603513149419774,0.3110460234472603,0.404071516610212,0.6640991394671607,0.4346803315909842
1.0671425255675697,0.44747485334828413,0.6336651609078975,0.5668701233081029,0.6712313901882665,0.04862922009713679,1.1607341029874807,1.9625949398678781,0.10670706063098537,2.792241659095305,1.5708033909997683,-3.137347011315172,-0.2694406255687154,-0.5002539126120569,-1.8948523540882547,-2.527608391145195,-1.3997620857945274,0.9449544117828292,2.701594251477828,0.21116160594230488,0.25617326610653374,0.4331438900092885,3.707269761469434,0.19585921980592072,3.7062770186889464,0.29061604074469455,0.38224975126946026,0.6698071092856134,-1.6842894819107141,2.837067344579392,-1.8662007173943682,1.8042965184943656,-3.1186815858351626,-2.416918494418728,1.9162450266282294,-0.5014067342476021,-2.470094082484381,0.9727933878329296,0.6680103000787021,0.5449794223685647,0.13137392033104023,0.4672786865363072,0.5343725297928161,0.40293671046840807,0.3938525826366739,0.46958680632485184
1.8830082017786982e-05,0.013949566687835133,1.1929087497835724,2.8683246910359177,1.383519352132547,2.9919184649661457,3.9565842093121693,0.02459402924049143,1.6795941442344164,3.763380209863587,2.444283251042364,-0.3085411074519886,-0.9404667168819083,-1.2002326546396327,-0.0545072230410093,2.868840518532261,2.059651415900671,-2.712363111419071,2.925740221615765,0.44445020945792024,0.08999557356144121,0.130599366982912,3.4586595728824414,1.386017348887557,3.78048559615066,0.8189272538428781,0.9155783650504253,0.328839655574169,1.5691090654874067,-0.2035901770553794,-0.3367437565625204,-0.19703248519558247,-0.8506622401084605,0.7313376584149371,-2.864914877969199,-3.015772806407935,1.8204574601272991,0.5335332389045901,0.99234724634452,0.8916856985581836,0.664138758679321,0.2663015893579175,0.1351762257901976,0.538913147365943,0.9153853062153541,0.20341111207351537
7.180251115217538,3.9551062866150684,3.9710327714573492,3.239058575304931,0.4448478414637966,0.37709778357418783,0.419593579406649,0.6857275355975659,0.4289139425790799,0.7170582922987642,0.8660126079380293,-1.4445422450682754,0.10309554189859504,-2.3622717139332465,1.7394495842139897,-2.7976908960020794,-3.0529669323372812,1.1753677645965448,3.140788550997466,0.4158243296003346,0.3258254937243592,0.15473533492861755,2.416256159267743,2.311606455448712,0.5941648232783266,0.7233075187557281,0.4603503107209768,0.2808248131599574,2.6804586211134023,-3.056108236460841,2.792265531565234,2.487448857913642,3.0540252632520577,1.262161708827965,1.8931774607016791,-0.16504673874797282,-2.3920397576649126,0.1272094456691124,0.24359888096366866,0.5841631579663198,0.3725030862832215,0.4127157499069818,0.18420751236780308,0.3904270079370109,0.6769802240002809,0.4256359299646433
0.017736711914846805,3.9204992496026825,1.412425275457308,2.7018916877190633,0.6814108244935914,0.30548718812427494,0.39468182934021473,2.256071097165359,1.0497330309579875,2.575973419679937,1.5707992833674522,-0.9849844118749003,1.3767837043707978,2.1510651611360174,2.976708801093082,-0.08941635397543957,-2.4802116237147076,-2.5260229954429674,-0.5917892242372891,0.4271853983538485,0.18522459355352347,0.03967306833869688,2.2912771700679384,0.31832596570212723,2.7676400943193102,1.0234243674124068,0.6519558246438197,0.37917535108117234,1.1885113350886751,-0.038625905701261676,1.1439622557853886,1.0740236442745843,-0.254511082661081,-2.045483984700252,1.7380258448867192,-2.8889656391049403,1.349685437975947,0.12535271231089773,0.6859552694352455,0.6433973356652869,0.6605415807086334,0.5204188007071484,0.5612385290122801,0.9838456683721271,0.1392488479472802,0.8432247421460897
3.333911820151866e-05,3.9266855536288103,1.1970533800471166,0.12636477937951066,3.0648557152888674,2.8426481681169817,0.5949079471881004,0.5261561115868676,2.8779208667165155,0.9634164055358326,1.5711697595064154,-2.282370230332715,1.868157183212979,-1.44184181945464,0.9349794925500303,0.43612198699523175,-0.1299436746468703,-0.016267864749369032,-0.38881537558182,0.4275381576661047,0.1709084590954881,0.06167404984471492,3.302904390542198,0.5007850607020723,3.9598410572329614,1.0153666722618648,0.6800985863184849,0.3389750569402828,2.47324852942078,-3.1334804185969793,-0.26422088078347805,2.5776774971420835,3.1011452824482584,-3.1215948212214655,0.07423047738790078,-2.238972855962117,3.1381201800679284,0.2310790400242384,0.9061920555339369,0.1293292445638401,0.9335463853421357,0.5418738170231512,0.6640377182289892,0.2515123446220513,0.6649690481745454,0.7438284599064784
2.2667751984269424,0.02030632477634725,3.937111559163064,3.1353030474650905,1.3674684227512868,2.7445948552284194,3.6245203023352364,0.03404874080398674,1.5186465906546749,0.7417045401027931,0.19863970995054148,2.0591878288348013,-1.667477744851859,0.7076988924617846,2.4243541594828413,1.9528033917027443,-0.9387842723192952,-2.8193390666026534,2.4402980841570585,0.4310382496267388,0.07886397736416807,0.010008359820578258,0.45851527335770814,1.9996815266336896,2.2121830861653593,0.9733494987658352,1.2638156886798528,0.4601366013374649,0.0102128675621449,-2.4889912617594345,3.002842539054332,2.8819860310050887,-0.49355542477414227,0.32141496254087,-1.8865238870623882,-0.8264644996200383,-2.894434954561857,0.5488252691328883,0.9717255625867631,0.8873023134266109,0.5092657706840162,0.4670379933203379,0.6256552299671512,0.9728953280738688,0.8493645624368531,0.5677819676413578
0.0008580013352994234,0.2795034417543228,3.7473768570278545,2.7679550051749082,0.606038540035145,1.5642758104571697,2.1974459355215803,0.04245551227789779,0.03847520754411215,0.25864459131291084,0.004981081119603825,2.238970193733942,-2.605121624493654,2.94262396964879,-1.9509428060757106,-1.833069315441434,-2.992381867381985,1.8213315430520902,-2.3246798623551124,0.4503370938103931,0.19140021612272892,0.15513595226372967,0.5574199801614904,0.5776208725684121,3.5569974703985947,0.768377936855969,0.5847147462721425,0.27489057493423685,0.30165731237455695,0.5600970332706505,-0.975930686302418,-2.7966115548626442,-0.06443046346295178,-0.5018323145765331,0.022380435888273986,2.0817932476369867,-1.413846242183114,0.2982124793369745,0.9569149443478984,0.29535623802251587,0.6302012120705553,0.8448066455996397,0.6006834349560255,0.997178346233695,0.7179346681272065,0.27619245572503415
2.340913003669543,3.198200466487621,1.4250238379594085,0.9431626601927515,1.4375810046338309,0.7271134034359348,3.094483397317626,3.813773178175744,1.6569165155390728,1.8373818683549288,0.30738079237352167,-2.561110351044427,0.5084888385950634,-1.5504921730536378,2.2023858186775707,-3.1302020473468226,2.0437532945928014,-0.8524366609734129,2.6051984489195004,0.46752607046425365,0.25293806286311826,0.16729691286027568,2.1387788991087375,0.5675625781715679,0.4465891475036224,0.6634958791337214,0.4978012858747877,0.3251469161333366,-0.08220154430960491,-0.3988380871724728,2.840027685090808,2.7932171668207637,2.5166839897724262,-1.6110021893447288,-1.866385611958538,1.675360466554654,-3.0101926371769814,0.21927976934398874,0.38759788672602236,0.1126906360557296,0.20210979381085892,0.8358658916642296,0.40549799672615094,0.8261030616944041,0.27993404854372983,0.9973771561405402
14.625513552789373,0.040155675856762406,0.022162681474467365,3.958643732824455,3.967777030715428,2.5652847627438593,3.858968789906993,0.6525227158819812,0.8037773427218741,1.235851556549037,1.6327039718428056,-3.1402113141899664,2.248898104860112,-3.1191354612320485,1.6045602716496026,-0.8527746407892205,-1.023733089784396,1.1159873190363125,-1.3351668733952329,0.1609084587477494,0.4197631399511146,0.15549015452489343,2.830784681153246,2.9850067888791822,0.02652621789313981,0.3594655278140799,0.46492280176516704,0.7966987719257212,1.5707973603133931,0.0011903807573077074,-2.4417347414362727,2.1124367066540772,-2.345353145971653,-2.312334800686215,-2.0995059220305103,-3.0589520045280674,2.9410278877390184,0.7906281503762713,0.24798477432243482,0.5959358462114208,0.1500365665840211,0.16330671986693046,0.1151575370827218,0.6026982895814168,0.8442984290952467,0.5819107071307426
5.042376522467591e-06,3.8569121717274535,0.40119988770075143,3.001141389869389,3.4830239473320512,0.11595762039606329,1.5849325296969885,1.0321143090214324,0.011502139515134307,0.41137303522566926,2.009965815775331,-2.9108409775468496,-1.0187680521665174,-3.129397066184017,2.026705438637933,0.6904363988794011,2.0223107784252905,1.2380873156033614,-0.6673168842270796,0.42277048403695683,0.21765534667282027,0.16167454925935956,3.760650729910793,1.934802867788198,0.3416719492413371,1.021750394636698,0.647026523591207,0.27926231119902223,2.961401390516075,1.2073724165083952,-0.04069576740078773,-2.853745541295917,1.4978572095196858,-1.650013900317438,0.9004201765688604,-2.2952836787089623,-3.0520060289870585,0.5284505849675956,0.9701506018698707,0.29839882826887454,0.5948280096969603,0.6746497339232826,0.25709172928205204,0.31206987464302927,0.8398945595213219,0.7793670846718221
6.894623472578349,1.523635859469804,2.5864753674171936,3.9270629402272683,0.39083404672944605,0.38046412199350826,0.6207245312517751,1.799392041297677,0.7440704576851316,2.928838100741823,-2.2621012632093147,-0.7574684203607349,1.4624452011421614,2.498198801618204,1.1909913492070299,-2.909697656360458,-0.04561649709539761,1.5908165802033292,-2.7602851140463143,0.4182122788917463,0.23751376406573493,0.08921261272300765,0.9083446992216023,0.27554351451790976,3.9806725581368156,1.1869373888279076,0.627190886566025,0.21580236562398086,0.8714207382135593,-2.5588122707927194,-0.26598848089711247,-0.6932518158810703,1.6270836268734863,0.4765578526715486,-0.032893497733507804,-0.4030032444673326,0.7102741820475686,0.5237821581109681,0.4676082056863815,0.3943623932560092,0.7266889330466437,0.7635980075917939,0.5344163766456789,0.9266843503941398,0.32604898828686935,0.7207253070450519
17.68363813073921,0.9541716403271532,1.1461098013297715,3.34463773554593,2.4909692898933185,2.4500407618176263,2.6249781576427655,0.39607609215498607,0.4037790596516679,0.7850744098953255,-1.8504996677178056,-0.7844003123728585,-0.4293446288962124,-2.889564640175709,-1.7594391806115208,-0.9317119359120114,1.783535544346801,2.79347649085544,0.2952941043549857,0.4264544701864249,0.10023855336711027,0.026476504615002103,3.8002210233252267,2.5125801041881806,3.9746674882549606,1.0393916237974994,1.0442781493690467,0.38808897581329604,3.0148593629763267,2.623805104006048,-0.706427710732835,-3.1095673541800735,3.042457229224935,0.5168958630990068,1.9781530165728496,-1.9491620299106864,-1.4488154393357557,0.5400032828301251,0.871566678529387,0.16153689098726032,0.6428118655958976,0.5426066807921135,0.9345966768557115,0.6346684861142595,0.9957888574131735,0.5767716094910402
5.851317791457752,0.06350641675103495,1.2874532431110985,0.6022115460706214,0.018435167730945414,0.4336338569429672,0.5309802252054955,0.2587704025310361,0.5257906981095989,0.2463392459049803,1.8864825418087765,-0.0817916004416519,1.6087131352668482,2.680923368917396,0.48624914348680415,2.0302809063455536,2.834148493153986,-2.386327495603799,-0.6690164407320194,1.026067559285562,0.29201430965267106,0.42032635230520804,0.09953484791944235,0.701475572549745,0.8271729940796866,0.36467306323626325,0.35057205162442306,0.217496670157047,-0.9360405527687057,-1.9291593845895978,-1.8561371279988443,2.737869970646713,-2.62886876273763,-0.8511529899130856,-0.46705807783890085,-2.4464371328541086,-0.015315050313114753,0.9024632648580182,0.4710573257652282,0.30306653394883165,0.9278541693027988,0.2795629629388867,0.17687917509100926,0.7966306511576144,0.19508633430973799,0.45423180912425076
0.029594942270227128,3.10710547151293,3.715925791726627,1.1325674855897587,0.28590881156735204,1.2444605686099723,0.8698598853298518,0.4041219934221491,0.45203989270200134,0.11679326711225803,1.920397700246756,2.1594056288515517,1.2728047367755684,-1.7602641545633166,-1.3947879749307293,-2.5375397016271184,-2.768180760886311,-2.6959997001617872,2.418813384139326,0.4283804583228047,0.16983040834917718,0.12523832304961058,3.8896267600473147,0.9711238491645333,2.9388511757123656,1.0002246539501491,0.6712359352894537,0.2919161469757369,1.5707834424871407,2.2308140123110967,-0.9278033187905299,-0.4042397121261163,-0.15447934336037328,1.6192813218267217,1.6488608130872677,-0.9730317039107534,0.20439514821860616,0.18252812841967492,0.265279831016882,0.4515551647679974,0.22481143099769518,0.769872177884694,0.9874568804764552,0.8955132186813342,0.6034472083775433,0.38690268688837914
0.04350843908711049,0.258589499622019,2.2881137729441794,1.5123650964385853,1.2339466472982754,2.5526771881611956,1.8222217972508554,0.1779221624649085,1.7403762592569585,1.1617672136083042,-2.575361846233358,3.1415884809167745,0.701509821587547,1.3277372530563323,0.6773448998683147,-1.5984163787339123,1.17994866269263,0.9068097287941752,-1.5462496608643288,0.5043355220964741,0.19492766804460723,0.265553073891335,1.1546124972380434,0.9255652646474912,3.0128552418434054,0.5620177348139764,0.5017294245682125,0.31418600199359764,1.5691003571433342,-0.051141499596178974,-2.8779688556952507,-2.03502945899538,0.8299572521565697,-0.12443013781000234,0.015691665287512535,-1.3913936196644952,3.140973796186171,0.8932386091573461,0.23940881229712874,0.36107078908328205,0.43901340649886667,0.28762167513219605,0.42842719782437566,0.8303254179615385,0.47510765443669634,0.22838918034402456
0.8471311751108025,3.8542561329465106,0.2135954716883835,0.5368871521971992,3.905885016207813,3.450157691322457,3.6701582018511596,1.1263481284447168,0.8096101670041106,0.9024056299014583,-1.280113302550272,0.8992188087121455,-2.989544451313178,1.7479246277871345,-2.948374963081851,2.7999614825620007,1.4805428283307052,2.740306963802732,2.1301014214267218,0.4206744908876689,0.07040167528703328,0.011115039714077912,3.9330531876176846,2.1712015928611956,2.077608068897114,1.1490840594161782,1.7029190348618226,0.4630257277235198,-1.6307102951577888,0.28375355851661155,-2.9850525085967625,-1.1497067792308848,1.3500250107458482,0.13724070112810427,0.9579467945377909,0.781936002806082,1.042680670394132,0.8988613148744511,0.6751065438874311,0.19614753331226265,0.4875056815735115,0.15360056886570117,0.8697677152603998,0.3404087005976839,0.43529313052629925,0.7210585933184386
0.0010994831979613349,3.7737452201672275,3.830771700889584,0.858953856970961,0.14997804888133928,0.17777977607496634,0.04116363570930605,0.017159794935434517,0.12282021821874424,0.028308866750364925,0.2930651558934452,-1.5115332179653236,1.5643260863909765,-1.9180044220434482,2.894143784418815,-0.3235679977112502,-3.1387549112327533,2.1845533403044906,-1.0863483531658416,0.5119827209407933,0.43026668909408433,0.24759650876958916,0.7330397769334426,0.6514672911707692,2.616121646962188,0.5280524194859042,0.4111171620697451,0.11351567698158117,-1.2568276810947754,-1.1992343462418449,0.8799083288647278,0.3244140612675568,0.20070688891204025,2.82728425733099,1.8565626490465315,0.5586580156008547,1.09635125679881,0.19308494943249999,0.46342963700436357,0.2878138753989603,0.595009991283642,0.9737202632857489,0.33990031753902405,0.19846013723446054,0.1732571736269839,0.758848748323901
7.708206461224742,0.8424105396620226,0.9052336602383836,3.9110657686841663,3.691185783722746,3.9350206883767362,0.9174678413336662,0.05654163361514779,3.503306715133343,2.235996927281025,1.2391652731693945,-2.469986004317461,-2.505467235644233,-3.1100517622117856,-0.5821163714125039,2.799818358386009,1.489467248416715,-3.1398821195619386,1.4348345509964364,0.19471267570321568,0.41037734486490807,0.11861792972294805,1.5369931470503018,3.984133475788267,0.01898298339116246,0.41147335244465216,0.45060649913000717,1.063548827805294,0.0675429272346153,-1.9220518525450934,0.32294136208963886,-0.8669748483249524,1.7462449112928686,2.965748988648988,-0.7825102021035768,-0.34947904526959306,1.7011976633978731,0.701330153105181,0.14658062017564255,0.9173430513289165,0.10379214099609646,0.21679446687842407,0.7277561551597804,0.8519044711848425,0.9651445000443681,0.5206402356670781
4.010951351820329,0.7325435556420136,1.1565768375261445,3.000037375210896,0.5751042773798942,0.03910014092044307,0.026244395372571172,2.707647891011427,0.8812621118354212,1.8620925376429707,2.560484519410248,1.227756483979375,-2.6687047664178127,2.856428409112187,-2.3898514487574793,-0.5172366620322584,-2.866031202627259,-1.9967701994369529,0.3450730196549392,0.17318338172734715,0.32149210940393136,0.47852229213708325,2.2713557814648024,0.77661331100559,0.4271890120332039,0.2844630925733314,0.3598311231418996,0.5855333467922712,-1.5851658791010967,3.0563197514204488,-1.601984002446428,-1.4257824043824672,0.18749928633857182,-0.3976976381261812,2.6739781541615892,-3.048267527518743,1.5544535591374125,0.5772371551462117,0.6252132398987942,0.10737226233449748,0.28776732388293436,0.6372331977989818,0.3427438970105232,0.9200154914526055,0.25466772508953595,0.7751962954106428
1.521617511571826e-05,3.996061866029163,0.19376879538889583,3.93779503800667,0.1564775713473934,1.4559728213673329,1.7825131012849522,3.224384379973031,0.45468242492468114,2.520080031675211,-2.605584432756538,-2.3982034660080567,-2.9649474085133445,1.4937118538545935,0.780828449633781,2.5283368310032373,-1.3259475878791362,-2.7446648190699143,-2.05360376301082,0.41241813365751456,0.16307974255639274,0.07062778890685939,1.2134879047244003,0.287508644408316,3.9213827598665123,1.339020199907801,0.7754079854817684,0.3320261063265811,-3.139351968360037,-0.7932070487304901,2.5871130730413103,3.1415811514780776,1.990067037904602,-0.46022655575627747,0.07495197321138702,-2.0788944683964843,-1.9075342281193544,0.78871557392619,0.34323102380683324,0.7819097155735264,0.8871502944684044,0.5628250249389994,0.1596075793357663,0.9366352042059694,0.9336437938405209,0.40992795785131575
2.0283067702850124e-05,3.1114037797410643,0.01979168965559247,3.8402142207985297,3.042074699256202,2.3392249282623028,0.5375391772623448,1.0293283058914844,0.17070693025428646,1.189614107664875,-2.1019774261877444,-1.3584423479291663,0.3787218106736594,-2.2296008921197155,-0.42501519115645525,-1.7419827135306425,2.4527605045116703,-2.2724572150567246,-1.2732999878298095,0.4073254880403739,0.09538975444173585,0.10392734275970132,3.391753974770135,0.4151044642431484,3.6151669615058597,1.483472629757726,1.4489565990439885,0.3484317310577655,-1.6479884530803885,-1.1832582822066542,-2.97807935579356,-3.1407057259879974,3.1390893503047304,1.34440775867645,2.2767709413194837,2.8352958407270012,0.540369443623129,0.5588006519717985,0.5488121477666863,0.22219000886789297,0.25785305640693856,0.5993689873168133,0.29710770064467606,0.6138372965962571,0.10160237592069077,0.3622312489800996
1.0751142071237685,3.5956405890334233,3.7804015064869168,1.0258484705223376,1.4356009624784063,1.404082270378386,0.46650510367305353,0.19628182766362928,0.4144638930035133,0.25610356793089495,2.495593811009904,1.2464823600334451,1.085365165670913,0.9898173490403748,-0.45717999428245415,-0.7075285958107687,1.195018866762922,-2.0975431055420133,-1.5715328538340019,0.4727186076274993,0.27904138020555996,0.13897191047783572,1.4515209603061852,0.45041678819162767,2.981184618089116,0.6422797208799935,0.4869551648385832,0.23330043198227743,3.04835348030105,-3.1400743721448343,3.14088574089112,1.5559517934036249,1.7180493386448559,-0.9659888621598287,3.122202527209498,-0.2025936969530049,-2.872541173396584,0.48789459410103797,0.6259689666621089,0.8985403483377326,0.3619792611207937,0.8833225954325199,0.42919198875668396,0.21292336256214295,0.21340856971547195,0.8633258802925101
0.0012789372003962536,1.860366960347918,3.361359359421094,0.055286923770589476,0.18923182307640535,2.476545536069467,2.855571687506753,0.021291833241859147,2.858177710979892,3.9625163114269655,0.28541108083872135,0.021810600316913842,-0.4455491575540118,-1.1553976538951896,2.6446645084864198,2.512842370064676,0.6371529725462968,0.3874300879243733,0.07200306531416167,0.4575651240834159,0.27683176373533763,0.4832721379191883,0.28056991554039856,0.10766176868822237,1.2723618372276433,0.27658105868326455,0.2626482991491749,0.5541947805864194,2.1989800986144115,-2.54641723785441,2.2036213739862776,-2.472067674232635,2.6102020594777775,0.4866971729076952,0.10400293661714954,-2.701120860363888,2.801352878347105,0.9589973229941537,0.6251641405937667,0.7003184882141213,0.606008241684417,0.7720454942440869,0.9042214019895409,0.4690331364641729,0.10098028376045987,0.20096012176078704
0.00045536802539627,2.1521974812261697,0.3590077353909357,3.1416075560948795,2.4956024578749685,0.9358012349292893,3.826315866141757,1.5717816356402436,0.8475271183121572,3.41791270424157,1.091170178184453,0.810850327212139,-2.230374144453195,-0.343081679067204,1.4155084460625904,-3.0544920703325222,-1.496132768875401,-0.7520833590607383,1.7495839382294234,0.43709518506447853,0.1574261235585828,0.08406027724068098,1.4658906916972114,0.7600568783438265,3.4890350023503234,0.8936242057757794,0.6713173269669404,0.3470987361575965,1.5719790338168247,0.2038705851630085,-0.5946315045865838,-0.43501216466416226,0.11133954152106806,-0.44384443744572577,2.844936775528848,-1.3036659086022262,0.8400957150809369,0.8517420917929925,0.14630937569330182,0.14393605407151044,0.2552617571286806,0.8505431222280166,0.245287512011374,0.8483929619483099,0.7592540091176794,0.7463244222031635
1.0030059925283555e-05,3.6290369668015177,1.4378944080929124,0.21622383346972493,0.14988394686491371,0.3874662112045736,3.511513552373828,0.38879145192216674,0.2099387397296785,1.6251848888306908,-1.2112937538675397,1.1690508064284248,2.661329802145791,-1.8324642814469685,0.3303642189406384,-0.2689554129359415,-2.965139504891007,0.13624476840283872,0.611223689189401,0.4306304826426231,0.07065269898572293,0.013915142437056409,3.3169482278594735,1.8493177839778505,3.9740876148577295,0.9785816543887298,1.4586027809615998,0.43744459008127046,-0.20974413169014827,0.3282908488365597,0.09876157331133317,-1.8913318842942866,-2.9842091298675513,2.4142194141850952,2.6737254620887567,-0.7777052273728975,3.083299075864967,0.6994336824136393,0.8391136560880552,0.550342036255091,0.6129685554318747,0.1928238408085794,0.39415626319367414,0.16471536300428546,0.2866927347020285,0.8056677933865117
3.673538930593405e-05,0.7222929714862857,2.888889835534585,0.3966416267157339,0.05148924507169169,0.0754966313258679,0.6828722717215479,0.18838232697909765,0.7690737455730362,0.22246784795085536,0.023292667384471777,1.8872650245570828,-2.70983543055071,0.9532517970347412,2.073608885060123,-2.897347601868839,0.4630231707690555,2.289897228186537,-2.0033141490640247,0.4992390459047014,0.33292808611420555,0.23064806381260988,1.8453534857346765,1.4808250856791365,0.4609177220124374,0.5582575743435798,0.44170182335782504,0.2453974890368856,-0.10935883879019093,-0.9567593767227445,-2.4416656366272345,-0.9728772529661618,-1.7410427567121223,2.8247078237188568,1.663741118740906,-2.297301554623649,2.6007676731391953,0.5810884089807749,0.6720032408035435,0.6710511949769691,0.4742371962241547,0.8972610516802502,0.313697056762154,0.16078773624809095,0.6601792486317328,0.6120497696570633
6.3746664883521104e-06,2.9165213535341983,2.1298490370631957,2.908549401361817,3.966588561780813,0.2817998733389627,0.43954843993675835,1.7912547142328026,0.4539739007683894,0.6372438202480238,1.5752446949817704,-2.7080200823815175,-1.3148531319705747,-0.9852926157459274,-0.7737872636990186,0.7765718653716775,2.1697308270808637,2.1855722500752197,-2.526278936889093,0.5615556139557711,0.33428145070680726,0.25036255908419647,0.3396489755204213,0.30652055822771274,0.9113943061006909,0.49349357749369394,0.41233189837426204,0.2110819513912466,1.8875207092260826,-0.07997805132546132,0.33570640142156405,1.5414010933442146,-2.1288660040777154,1.9056915458979082,2.9032895053974643,-3.110522545760244,-1.0780482056891003,0.8186343658711119,0.8269095373018032,0.9120611157268326,0.9430846634261205,0.5964251937664082,0.38160453630146884,0.7041961681129618,0.1070916158233648,0.5249473894779713
0.019806939890573715,2.8478934679777095,3.9947470890735293,3.9984705701607517,0.011854887623392561,0.26440000624186355,0.9831478806701628,0.0804602654336914,0.10277038058382122,0.09653356030642608,0.30136616275499106,0.4855219942226561,3.073951631721844,-2.8683325948897926,-0.6143836121090986,-2.9916800884167474,1.1708777960908705,1.3475139641507257,-2.6667934935029622,0.41066486422220944,0.19629407997166168,0.14489727598635072,3.980573429198425,2.27101502108919,1.2208582703585042,1.294250210736316,0.6853911779208651,0.2998627006905095,-2.7554233771757004,-0.5365272417752909,3.140790123669176,2.3666508628957015,-1.572177667793606,-3.1216134296621973,2.705083380891292,-2.739642607391399,-2.3129374381645684,0.7890512576257693,0.9671838320236978,0.6011179580935968,0.7365789821286621,0.8775936341498398,0.8521737066899466,0.8683062163147528,0.6788186782285432,0.6261648970202298
8.460505595624191,2.246532662232952,0.016453205904648913,0.6180734460281193,2.0504242853451364,0.04449124536786056,1.3072024198521446,1.0203878125447239,0.12643711233191857,0.675196377657906,2.695891683985275,1.1643416992939972,-1.5944351668781838,-2.8242700227722017,-1.210770067471719,2.3141571160296914,-0.8362751775302946,0.7820205408167697,1.2093219184663822,0.610701403846834,0.548215667655276,0.3380434543152363,0.1890792617253994,0.1522612664827402,2.157970410990855,0.40310806428327284,0.46047190760217727,0.016068263133692376,-0.18195399703536497,1.2245437755211643,-0.0318300681791972,1.7385556125643324,-3.118344583752882,1.3703490078572047,-0.37988076138631577,2.0670776822074677,-2.453626186258207,0.9852200764846479,0.5605940065331043,0.2042817923266811,0.21136539768851392,0.25189456487864703,0.3637644140975582,0.4049622374491526,0.1385558087056582,0.32429862548764943
11.425040152469935,0.3375342583134342,0.3374900338910284,0.89898437917784,0.08997501763169195,0.35156645585373825,0.5696575260732973,0.010305521643229877,0.01099567612616924,0.024087492446911045,-0.3346384561591953,0.2891881731100505,-1.9731211680165974,-2.4542907151480473,-1.112983664912679,2.7352261285486312,1.611994844548657,-0.41628799615197165,-0.25081979168288093,0.9396931810132276,0.4268217755153004,0.39234866075996383,0.4935403817786439,0.31657645969545173,1.1616555484957134,0.3776409825843709,0.31095473753312947,0.0843729520428961,1.570514443508955,-2.7658645946928258,-3.064258211998745,-1.2116077794690179,2.633489432449614,-2.0703039296693153,-2.8719063613588,3.1076683631852235,2.783551319356296,0.12957200562894267,0.8876354416262857,0.5543430864156864,0.44376980057347515,0.40834897071286314,0.656910682263093,0.49982073515821535,0.16245152414217223,0.42686011396361856
9.709429772410374,2.091978862714224,0.025154795502167614,3.6352551509723465,3.8784352190055937,0.22386058794519734,1.2661349335157588,2.742161637113938,0.3123086839394011,0.07804433524600778,-2.88064236917867,1.7562571991495544,-1.7387190239723007,-2.8988777353780417,2.906077566119931,-0.6105143833100737,0.06629584606270189,-0.3093615755659167,-0.19677499734319204,0.42974148821775976,0.08664281685402017,0.010442190918019827,3.065040504106144,2.0509418564747417,2.756441648718283,0.9897544712003967,1.1626272441972885,0.46832419693723076,-1.5697422685040183,1.6965776864253845,-0.7295145850736251,0.2127579578110903,-1.7987935115504936,2.488907170624006,1.8461725431160119,1.498230941075736,-2.9615930504625196,0.487509239210719,0.7417807484814358,0.27864609321382927,0.1638228931232555,0.16588532667566724,0.28425010494405756,0.8332144787621916,0.35052595887890137,0.4566767715564164
2.2312937370709722,2.2697673656258317,0.27640544672075806,0.5971929994532621,3.10136930981478,2.1257580664932596,0.02059726808311307,2.2663012761915238,1.5296635277070028,2.7472819858851967,-2.6902488896895806,1.690177148207046,-3.0706482250961784,1.1834347904362783,-3.140534677708753,0.2367825136632864,-3.1304028231916705,3.1306380126488023,3.1415899892621644,1.382563532347333,0.5182326015274438,0.36700316069387934,0.5353098871970277,0.23003853924699258,0.02481414898441916,0.3290629986935151,0.26307413293365567,0.20641072575179495,2.4553904424324084,-0.43734493221441406,-3.085472501196624,-0.5283148563038278,-1.1541544121781508,2.1649830768647025,-2.0376588729302956,2.8203236108952296,-2.958773876312678,0.5299522834504531,0.8888191668653582,0.2750477184218152,0.29076036838762054,0.4763315456850701,0.8799462865844125,0.6374968784976209,0.7865477765674562,0.5237568299424771
0.010192526574325353,1.0473581735425024,2.0813903793504367,3.402164676297607,2.2197337656813074,0.4600802069758908,0.20192011339949767,0.3093741374719487,0.02775851143540481,0.10969169069981735,-2.60216242714622,-0.9375956891321984,-1.4173880526684197,-0.4069463969855551,0.13135327393248897,-2.9917386001273614,2.9244820466881665,-2.8544378617224844,-0.09713519179151353,0.6312955787579371,0.4098294001957849,0.34606401094170347,0.30395579823844565,0.30420643677394316,0.6559489116972619,0.45148653725228954,0.3769446597640997,0.15290306908409898,-1.5715946478141132,3.0259187780454964,2.1765019362367983,-1.8587795625489554,2.7695817815117865,1.7721235482745863,-1.7576595652576466,1.1043435583069998,3.1302912283922026,0.576165628709262,0.31903805043892497,0.5494247530744478,0.647224177263757,0.5104501140748772,0.7802559027314193,0.4003679749056763,0.7479309158114509,0.7961415856635043
0.4773533170029194,0.605807218526037,0.4423483506906103,0.962673675299906,1.6283647443907077,3.753088990083751,1.616758604054511,0.9886889591852153,0.03740234282242518,0.037161992296982596,-1.2095784422891236,2.6389878896259953,0.43589525275207164,1.2920956367244871,-1.6788550288795467,1.20396573440327,-3.060850987410734,0.7030916804290772,-1.9413159923143064,0.23565623006182576,0.43259720228259124,0.19198837955467843,0.1990307905266418,3.1674074029876036,0.7086477218057918,0.6094798967449242,0.4455118169396681,0.32694070022246513,1.6552839365691439,0.4409227015774482,-2.722070909639215,2.5137243016285717,2.414841917859813,-3.090868418207289,-1.1709126924427748,0.6186114503990838,-2.9091338832782445,0.9971425911338807,0.3383395832386191,0.20774434168180012,0.4044888435536578,0.49482694273509287,0.722053269931509,0.8085007172989878,0.32488687159888485,0.3123351492248787
19.04542420809704,2.5736449900767626,3.9302151617842402,3.8687541859995376,0.10833194741239666,0.16045419460162694,2.8400068495996798,0.0318949838734477,0.04328263676387584,1.7042199617773834,-1.5708130422824682,0.29664297130789974,-3.068562993323689,1.7337998403828996,-2.467708209667976,-2.1891847263806294,1.38068537526207,3.0996630584165814,1.52377013695377,0.41615592097484444,0.40194473642199396,0.29509959852748474,3.0467709470358684,3.181192498408391,0.15858824971776925,0.4844802294124953,0.3657415490360044,0.18674498481608656,-2.7280728675642045,-0.8695350258213304,0.12783017925804208,0.790850965339672,-3.119042713765925,-1.7363177831654732,3.1403933364140926,-2.9825223379427133,-3.1275938680823483,0.24202119069138872,0.4116425591019981,0.9332350679105299,0.9279491115452232,0.8907868814571263,0.8356216001696302,0.47596760129761684,0.5439558877878867,0.6194856970451585
0.10141703381292011,1.7071633594086404,3.912357711148408,3.787948054690359,0.8303224291251962,2.911708234339084,2.338377326179113,0.1764583488270456,3.1511022546928134,1.8389928178166741,-2.092924347274585,-1.9011493471237981,-1.3025688155554227,2.716548757612733,2.573580142854655,-2.9914020502177183,1.616796871560826,1.8936012865311742,2.4850344476297677,0.41268211803694366,0.1880311275716403,0.06514774268650426,3.5960579412115434,2.1248397932036482,2.633462282321412,1.2743711961376316,0.724374336882647,0.3444498722909281,-0.8996956855343332,0.9414655157653602,0.7997560511261601,-0.5506711386363596,1.4530792815725055,-2.1852271369006218,0.7556279851883398,1.0848724975075053,-2.171931410000658,0.6319185693128704,0.9868445985086556,0.7898453125752023,0.19111899495847018,0.443852523187406,0.28405392605164703,0.6982897637198815,0.8390853882448286,0.6628514761314821
3.207372544486258,0.6714467500501984,1.9511427603612048,0.5135035784641971,1.1744078187345,2.0322839321943706,3.9997669950243995,0.30780679119989823,1.505337785111293,3.1571159980649863,-1.8412303873437526,0.6648487370561802,-0.33298648183505586,-0.753594909615892,0.8118080651904833,2.5763299434696805,-0.5900022680967623,-1.090997460682369,0.7228176167722968,0.17409092897949613,0.41722525318050047,0.17332273020947664,0.15488472500872386,0.7783390031359306,3.9520274257314774,0.7804882889817417,0.7076662366805945,0.251537325936672,-2.947241547628711,2.5069358929625842,1.767601019360293,2.6803467324649715,-2.8806102215454974,-1.9401855727916446,-1.0225611596653263,0.2876635089510686,-1.092282310044241,0.8383140759982535,0.8094444784928001,0.4569398492559582,0.42201251996650413,0.4750048843252652,0.9449065952415006,0.13243851822339936,0.33959448146859605,0.5842293257833742
11.863739539563582,3.970822833206113,0.14334729845147778,0.14107381185252554,3.7931471783380917,0.04844169728363532,3.997313331660732,3.999866245964749,1.3892078596844097,0.9785307268446933,2.679790318382155,-3.1220113778375618,-2.8766373605456756,-0.2846886398458688,0.2560764414523917,3.141224330931718,3.0821315887681324,-2.5057213570520416,-0.6876613172579602,0.16094003389580439,0.4246235070125746,0.16434503809105763,3.730393114593842,1.5241122994716587,0.03726522680394099,0.3321573131929897,0.5302107765123716,0.7637652083209765,-2.6709126776596444,-1.418569551014436,-1.5196258077057798,0.5947253816471045,-2.0039503406218673,1.21060909131673,0.11654987431465358,0.4567791113611972,-2.9363875090811193,0.582937044791064,0.28346081206898655,0.3377796045820012,0.762597650118805,0.838083045482994,0.31000142976075473,0.4894906858850776,0.44895907146035974,0.2415613125277125
2.5965808456944846,3.106216770351607,0.9412227479175402,3.101933208335094,0.4113667777880069,0.9903183111521067,0.7428188958875115,0.033529654584437414,0.09584361140816071,0.06033626566669918,-2.9934773822908993,-1.64171401556112,1.362646711195155,-1.258958761635458,1.9854392336775613,2.556477569768658,-2.1619792743008626,-2.3036623774967087,3.070851219377718,0.4237729149778314,0.15938077278410354,0.11504347651554576,3.994057751653444,2.296232137758516,1.7885140802294501,1.0767475807799642,0.7204097854671181,0.2990992860260174,0.7485909151169037,-0.9287636178224128,2.385168864893221,2.3918748312768674,0.7875108755875551,-0.24349561587784363,1.7309476583513463,-2.926328145532401,-1.228514570354602,0.8373355805889386,0.13398603309745338,0.8664660479306416,0.12355773077473886,0.21421210180642491,0.3034842792592496,0.2813455755127734,0.13520973011426696,0.455081652179504
3.2251822209825725,3.9365578643472015,3.425239618324304,3.8157057696362986,3.0181888506507697,2.2952334760383124,3.9225332578154792,0.4290401123531807,0.5316678550593315,0.7991871394263064,0.6613571166686021,0.3024380225629484,1.2312642094871729,1.1145446184038699,-2.4521012659362107,1.8055233984895782,-2.667447115574995,-1.8306279008446904,-2.829213791046808,0.4186265517449661,0.3385520352687704,0.2528039223596757,3.815581159676172,0.11241104076469044,0.42914523464398385,0.5742617002076852,0.3486089824568738,0.2678373813942345,-2.1239457428570727,-2.2173280426141178,-0.9818933780122148,2.6936197866884024,1.8824350234946854,-2.635146550905278,-2.8074346115929485,3.136301414966513,1.1979838941087841,0.7652894956143186,0.25847881308135,0.562497909631928,0.44246242559299986,0.8163414627161263,0.7409508373571141,0.34531274933153755,0.7931215657390678,0.5976187396522361
11.531105361734532,0.012373522389088402,0.010979157701646784,0.030152245985950933,0.034524533741492044,0.16052486880595876,1.177209074284965,2.7182978943547513,2.9038013468847144,3.9218826038390855,1.5768977509694304,1.6056133454450103,0.8336982202355401,-1.9260339048452073,2.548609264602425,-2.831661378622692,-3.1204544299933623,-2.892098723871673,3.069904468593074,0.2898958706113974,0.1693462423658339,0.40371635516987653,0.7032434346576895,3.987057122541809,3.7894679487089027,0.3088272780887323,0.39907513927043653,0.794936402069225,-0.780543466490931,-2.148252899730002,1.9484613736511873,-1.7406180731506569,-1.3883020390929754,-3.1406245658592242,-0.850480076436666,-0.9813820249976919,-0.09387579088173181,0.8737724489042735,0.10802818707998885,0.29299671937091,0.24522056685408877,0.9224877395119617,0.856575233023039,0.41161697253133767,0.9096586868534975,0.7256546251848799
0.7864137913819634,3.6229626645352675,2.2580950384070073,1.246826782034039,2.7651530134825033,3.7739381495910176,2.324087444958268,3.229863958536831,0.010208399267622402,0.34083010198981395,3.1274090010221425,0.1888619703229808,-0.4133523941452859,-3.1219340978764123,-0.5572316853908603,-0.9495571188420011,-2.3947031667853924,-2.584756717887645,-1.1906759788019452,0.41938835578763217,0.112178523367722,0.033994196641028374,3.999649887075887,0.8619334399550364,3.999999989649916,1.1707103247269017,1.0325674901894806,0.3818378997519216,1.5707156648738545,2.7976696321459418,3.0092649811893795,2.965129617566924,-0.6368758145526447,-1.4892239603622133,-1.551095395083083,2.7082491275864555,-2.164385955891641,0.6467776996230241,0.6075151166667716,0.8516132436676114,0.37597528929040624,0.2962451530891994,0.8262858161522799,0.8634791905096346,0.2230382468316816,0.10108396838144573
1.777958789224653,3.928741119194027,1.8467144207097148,1.8228574727279199,1.5629961848420673,0.03825018285641842,0.038263787045652774,3.5840680629660224,3.7319218612672227,3.471271273310122,2.155856096199405,-1.4077048515864803,1.7457207664334646,-1.8997976482027663,1.5170880532852582,1.5520037905413089,-0.4993259910551653,0.5886057672296552,-2.5818065321524855,0.418185128954523,0.18617113133907337,0.0100065856216424,3.671707573289682,2.311331682488977,0.40412727702953966,1.1678039490786631,0.6602594960956536,0.5083401574885331,-2.1817585783362574,1.7288388299029211,-1.5003772624829468,-0.6221639456259536,-3.082042485211239,2.2567383856474823,1.7715061234105116,2.5410349615949333,-1.1793372610597803,0.17199301247352583,0.8625470351021067,0.39591515760499396,0.9649544036885578,0.4184504705946246,0.5421760680187679,0.766213545332354,0.3577492456237259,0.27387097695035845
2.5609935370321817,1.2132539191885165,0.2637645185327869,2.4502396759188394,0.4044477994433223,0.027523886779955972,0.021428615167859086,0.8170140604894071,3.9993540901525875,3.9921590868585652,0.523918029134431,-1.3247211467104494,-3.0550151522343345,-0.2978381586972154,2.6309146502431213,3.001004852924554,1.8657836273644008,2.084532362878587,-1.2179891787607833,0.6314904833764673,0.3917437249825666,0.22192512644623252,0.4429399918168405,0.029319591328920522,0.798944642129542,0.4515189579122336,0.3788273426887438,0.24069268914734032,3.1406942221800422,-3.1335661027077446,-1.5369734134800432,-1.6852365762786554,2.9923852226336622,-0.4744549398568729,-1.5219558093096253,1.647120249349432,2.709299259606233,0.43060204286882797,0.5348327258827528,0.9519831544653847,0.48203007285776733,0.8975557421147817,0.4522448491422524,0.8516966699443138,0.42709683975460244,0.18229334637341132
11.872015536763206,3.549905277204094,3.9834402498289956,0.517170939831717,2.886412036652387,2.722728917391864,0.06724435803033038,3.328450538255907,3.561471447023988,0.471440025999123,2.346289896852527,-3.0583799166072847,0.2983672525884846,-2.019739226459815,-2.7190625977155207,-0.8499866620242003,3.0750513747056587,-2.7486466591341476,-2.628288368594016,0.40936360977194153,0.09587277319189864,0.010000677361241233,3.9433085421536815,2.1788638064687853,0.40223498188374807,1.4213361558809054,1.3868895622785913,0.48550780026644846,-2.6157769562145647,-2.9507411945315876,-1.3336086702168564,-2.551353733803737,-2.753638154820131,1.9076009221986459,-2.432260736464913,1.3604923152991306,2.810747380558805,0.6156604038454261,0.5500943286522886,0.5833305414302274,0.34921074951033315,0.25102269474423,0.6876440321575794,0.461713759909411,0.9496156771205504,0.899738988807818
0.8626628203862567,1.5298986109702235,0.024653136824009977,0.2482757496638391,0.19047050166512355,3.8792523499395846,0.4524872648628566,0.47350833330926023,0.2881806301078372,0.08116654452475731,0.3847663030215127,2.27730870250723,1.6078208981204067,-2.7763098971588187,0.8918553546007066,1.9606303011614132,3.1410664753858377,-1.2675602649610993,-1.5746407233533815,0.5496877445689127,0.26000621764430937,0.258699514735856,2.1985380556822984,0.2943145525676288,0.821895287334865,0.5033283558093951,0.437209191866416,0.2352869805458033,1.3404752010812304,-2.118834904960733,1.9070124576922423,-2.9849633828804207,-0.3905163250860859,-0.9019574298867257,0.7861711460619851,0.3512202539103124,-0.21867362041267224,0.2447385115784546,0.5157916690614179,0.8924857210434505,0.7429379690443829,0.3837606376109708,0.737505907502289,0.6212497912707615,0.5430572718929563,0.20152259976031583
0.0001815002042732214,1.121159260543256,0.1503425300658904,0.15892737956360126,0.38787478043413787,0.0628560063972399,0.2736280400248251,3.9994658351416574,0.4613652439251801,2.4071751076154264,0.9674944661688141,2.5265021490003443,2.651618020283604,-0.3406732908569041,-0.5859018893498553,2.7334835023953135,-2.1533088482617457,-2.3273636923351595,0.7778814767137221,0.1975335546112097,0.31399888227503175,0.41668241020585256,3.6398175064766547,0.5660516454570949,1.751418665446517,0.27282771366683467,0.3631051420766809,0.7075803315815747,1.298638240750929,2.6115362293908895,-2.4436186033305023,-1.6129509652110292,-0.04099977719004633,-0.9252821016322086,2.200654224653924,2.1484875909298706,0.2147797925028554,0.21337112343223996,0.7952030734086271,0.17224941002477,0.20836315566896424,0.5412367605729917,0.5816834666849782,0.864576434849103,0.6306531074984543,0.11095940192790854
8.402837053095064,1.02966450579662,0.8095524994007468,0.19720549276385257,3.9984568282646173,3.4979035947955963,1.5094080241378136,0.35695830103432913,0.11454260264146895,3.9977875079546243,-0.24973575021303196,-0.8056796510495574,2.82315693211416,-2.957606474283848,2.949061126413854,1.055874348131578,2.893547506813043,-2.4216723039008476,-0.5398197053608031,0.17091848922040218,0.4115395849504749,0.2476579840045181,3.2433778062663636,2.3396758624784604,0.07919384728201935,0.35681764027156776,0.49948793895552873,0.5090581833162312,0.04120377136443931,0.8078745257994417,-0.12337658632357762,-0.5275940271387864,-1.555530049112167,1.160279514829294,-3.1375937424584768,3.0515775123294304,-2.124931521380197,0.7906463011935823,0.5940220743560816,0.34037632724798206,0.2061712420681414,0.8444849725700494,0.8931022412773792,0.1241939224808557,0.18392836168759263,0.616311475785035
11.520729478868592,0.0840277058503504,3.2899544359014463,1.9370083719674218,0.028495777109771477,3.756522369874798,2.727942672037267,0.1435258060370451,2.8552686212322915,1.0141335162684353,1.7854295444464077,-1.7273490755882974,-1.0311183425121953,-0.8612217267667033,2.3154738247746653,3.1202594507660857,-1.636175496440661,1.4061363486624492,2.219603129489439,0.48017748574071406,0.2999543249969365,0.20996849219778213,3.066289140152538,1.6710842498694318,0.48525016797924203,0.5959253532960973,0.4246786925142991,0.30198351112553146,-2.4484127578496513,1.0391634042965139,-1.4504519214085208,1.2948700965248436,-1.140558788585012,-2.8880383294400502,0.39243751486676803,-3.0941950847708983,-1.420610149596909,0.34715284319601736,0.6432742374591047,0.7831132815639696,0.3757837233053243,0.9199302452477318,0.4449097608149657,0.1521804099393469,0.6255962084046356,0.649804244015475
0.00036570169318014714,3.7667524789171676,3.9957038662323376,0.7204246267023663,0.4277858648858573,0.3338488716649254,0.9764561770190117,0.677840453874645,0.6913551669955136,0.3590583852045426,-2.515780356925242,-0.6633954030238538,0.13141269230245411,-1.9605525544373976,-0.15607380482233246,0.978435710549105,2.7725951502695825,-1.6405337230693884,-0.9019911182348381,0.41399011189365037,0.1822790278523891,0.13069661291862034,3.3176834481811204,1.8515357455636643,1.7027356591530523,1.2634264690290578,0.7131203221953487,0.2953033470158309,2.2638793362476006,1.3923594408684075,2.002704063950609,1.4914449991811178,0.36092210648370093,-2.2846209823301264,1.7998380059506038,-0.4110011039467314,0.11689463567790614,0.11554721810732671,0.7113557173043898,0.7812858360195705,0.5703301758188033,0.9186961633406892,0.5878075918903178,0.292019350472815,0.9368874436772345,0.7884270851128332
0.05949827594397013,2.7656501112136977,0.6366885210943815,3.995839270104655,0.3810232790183809,0.1996005278315251,0.9282262931435469,0.31265168925435305,0.1956536716978107,0.951935507140201,0.23575217058371267,-2.2569061894129,2.6992880399736636,2.628635666615466,-0.5130544349137502,-1.5364883483212932,-1.999661477015988,0.5590640338511839,1.72102134020128,0.4796566540308483,0.3507717168928264,0.18462176781400652,0.5301517321268517,0.2441396100034566,1.2964758015755042,0.6152478651984714,0.47565269531425874,0.20178360581394936,0.06390553288012635,-0.6851754311260927,2.7211862492071397,0.8510481475564076,0.18375985623898394,-2.6171528756950595,0.6227657616578952,2.1540904541411647,-0.9823179795850137,0.1550288474359065,0.27658859843089045,0.375688464411688,0.922204669777344,0.26527637199041365,0.5272004583076293,0.4487135121923034,0.5539368625450574,0.3103116607598122
0.024335226440830263,3.389310523100685,0.16975630053152987,1.3024029704742894,1.6815696598902161,0.0361324563979203,1.3261576510623319,0.03781080308559856,0.010809094541035248,3.7594210585593424,2.629069342918142,-2.8562793011068086,2.109774330854594,0.9425087983513283,0.3757437854104331,-1.9537829419958366,-0.6211026737799981,-0.24789310846540635,1.4171079505920865,0.42751097757302486,0.1179074933882241,0.012286978694918842,3.8729916299218194,0.5382050414655222,3.088822111735517,1.0232819822496884,0.8835846407603886,0.44657290706099584,2.893377364972266,-1.4713224082387373,0.4099247466701508,1.1987116943652145,1.1846662566946469,2.4253547959569595,-1.0922278836772144,-2.1690332052371275,2.8593531864853734,0.443199956992788,0.27190411179557517,0.2924003301347611,0.6557181291247671,0.4230686284772083,0.1848122428869612,0.3799543782217354,0.6188261394443222,0.5170561273913794
0.028633877563982127,3.999971005140007,3.9277243070502514,2.7080627837036464,3.999858628501134,0.3473386033627708,3.2288841840279607,1.1150616392082544,3.9941243112086844,0.714354499016406,2.9269011345382783,0.6198641975188965,2.802348658441514,0.030240294328212514,3.119625488604896,2.2380425058094966,-2.137378556893523,-2.893230264989413,-2.671636467337533,0.41346862516962346,0.06183186476899079,0.036243373077062345,2.9285215428226894,0.25975028245024057,3.7619371537364286,1.311474075947961,2.434070326776409,0.36715967102368563,-0.5779251888598753,-2.1375924474334504,1.9001577272041192,-3.137077869980684,0.5028035932941037,-2.965244288281081,3.0399480572654207,-0.7312086319893956,-2.8686477466658733,0.8676158319835796,0.36598891452108395,0.24165122897779812,0.24155000184935194,0.48090049485479724,0.39523738735072245,0.6393041123961734,0.42393340783066513,0.6545031027450623
0.00031948001820106573,0.011555939541273806,1.494837961188948,0.2274225958474594,0.1466282643487229,0.21220037594779464,0.06871229827368876,3.999999973395956,1.3818618010474406,1.9160531368962925,2.7686173437313695,-2.6177999812847794,-2.8169591642330967,0.8483487773967204,-3.0681878915745795,1.9881533443520185,-3.120707557764177,3.1401481374356637,0.9399497002064159,0.3892776681536553,0.4265664788753616,0.4180996518346548,3.937909568054868,0.3489648741734052,0.09233912960183996,0.18434375709896897,0.15753248024615224,0.7158806162526906,1.3326964721898218,2.6689184014103695,-0.8355701088595748,-1.1780397953635644,-3.1414771530093404,0.2302138351594274,2.9836165560965657,2.8239047447013936,2.4608636172640397,0.9386876552420373,0.943910296841834,0.1887419070605425,0.27800191524317563,0.8922313097342722,0.4398506487184739,0.97084984047454,0.3828633585220711,0.6409553084209545
0.0007881424905940772,3.6922468290118315,1.5918237460343243,2.3094396441689824,3.91144897154017,3.9996531654128984,3.6823035338598626,1.181412308497692,0.8120954962120988,0.09515713748365512,1.0860672540260259,3.1415411799709094,-2.8911129543415455,1.3964941915949032,-1.8785563778797962,1.2483551191811442,0.6711429550713315,-3.1372515355716337,2.364474466020533,0.4379994427948145,0.05453714897911281,0.014348512583010446,1.3497514153914245,1.9406205968994419,3.9058174376357786,0.8848469108901552,1.8239903447607535,0.4268711489305062,-2.215305043779866,2.032725057378401,-0.8573641177219802,2.7864899391339106,-2.2922227938436777,2.0131460766599627,-2.27548078162124,-0.7519149137151908,0.5927671146815694,0.5104237067171815,0.5800037661759112,0.4225605120310503,0.8025202806126517,0.5382004473413637,0.16769521444277968,0.8852627281120657,0.5694268812744219,0.8223379955550048
0.00017276593796935073,0.05025631031129948,0.14038569269559645,0.05428840109291503,1.1418151823612737,1.7572240104751304,0.6804458138937514,1.5037853714167428,2.498314949051401,0.9663754241597066,-0.3590514122067594,0.7694093102730868,1.7190823853959198,1.8734084280681698,-2.9412841876586895,-2.003346130669085,-2.720895903452523,-1.192909830685738,-0.2541219383609157,0.2871827001345545,0.29165592267509405,0.4434735665354252,3.1197943846249667,3.8085418755070486,2.861497213356936,0.2659174583218309,0.34236513222476894,0.6343346732006265,1.5704845785680268,-0.44717087385506105,-1.253080144390936,1.2736210100133194,-0.048071908641444505,-1.5114479850995144,-3.051852941564193,-3.111008035674045,1.8772932975468288,0.44626230078455276,0.8606951236328513,0.4492343519051807,0.4953619659614992,0.9814792229617249,0.8615939556352914,0.5567767444586655,0.8903619304296999,0.4652854307535561
0.5113680758398561,3.784590524584681,3.899282660174263,3.9981831532543213,1.9770464093697422,3.409981978975902,3.2786841105480744,0.39563785451229266,2.309847555934931,3.997744833439065,-2.742046779118392,-3.1396999137758304,1.7107782712644752,-0.8931693095131821,-2.1844998887492104,1.5284604735297975,-1.3893435207300728,2.304250692108102,-0.1711756026293152,0.4041685451332911,0.09234126552639338,0.010001119534550722,3.5197206449213048,1.9201367210558067,1.524856133067847,1.58785610273224,1.6252790413859346,0.4973122410694598,2.3579820309627495,-0.7329978018187369,-1.1366748065194714,3.1337784817935086,-0.36702437932910925,2.9397091923884497,-1.8224077770290321,1.732503592118924,0.904157525935724,0.32508424034607275,0.5865993379495356,0.8408582081899416,0.8967834216513912,0.5985198820136817,0.8168943338253456,0.10831184278759842,0.884532800229687,0.6423509048144749
4.1335574409896306e-05,2.9467918079922826,2.6944443077617755,3.954052067774576,1.6195042277761027,2.011290420104202,1.7997208129694509,0.8122533253945367,0.823521889993529,1.3292809308921443,2.9962287825800358,3.0600480416757607,-1.4103268076235278,-3.1415903674089085,-1.4092707845616361,1.1421498853683714,-2.781693561763325,-2.7806323636353802,-1.0018798702626919,0.4181022896244042,0.14942780616019746,0.13487546230561132,0.9276835807445809,0.38341100811266665,3.7973257515276013,1.1991924597231025,0.8127730651113774,0.2666427795379257,-3.0880099542696082,1.8686621292696834,-2.6412573376683297,0.9409526490530613,-1.1703006977759915,-1.678817195598764,-3.088790887221229,-2.0537852236901277,0.2097732881076868,0.10390696735565763,0.10410646819318758,0.8967652748160422,0.9901510453535041,0.13612641266851533,0.13184152719194042,0.6383835767001007,0.6720814766296064,0.23145308629647854
2.910599730788646,3.0455210076672965,3.778810703474164,3.163519973325932,0.8836967861931887,0.7362521474931094,0.3275388126391038,0.6850421024046834,3.187871785849011,2.8690921679859307,0.10238363927561034,-2.3369548961275495,3.043933720108262,1.5386196305825015,-2.0062004309292045,-2.8430955311006665,0.501871428460563,1.480426534153679,-0.277861777934052,0.41689550178706747,0.1803264131876909,0.010201311703435247,3.9843308954660763,2.2407593250631685,0.3695763952930299,1.193248016457119,0.6910540257918536,0.5019116314626089,0.9906723499971086,-3.090176050889578,-0.9414220984997632,-1.6458308416516934,0.813280736409534,-0.8846642076461992,3.1243485891329827,2.2950089312144257,-3.099946834200815,0.20213866428006266,0.5827231146694438,0.9634302593248858,0.6936543263839816,0.47977413730284013,0.4726365025948245,0.13099138998380022,0.8173978689120012,0.8322204912551352
10.449990737063764,3.6625382289237374,2.9094293513877925,0.6881879473943294,0.1826582058850431,3.407644633343469,1.5694326458671433,0.059025985261511725,3.3104625410235875,1.47011798827095,-0.8888373879766718,-2.40441733943746,1.4213588557495624,-2.8872407858824336,2.6185513557665114,-2.799804282725759,-0.6620049613478702,0.357869030284633,1.1960013263920066,0.42547016816797106,0.08844398737014117,0.012831931071562833,2.714682150485145,2.2537748924012444,3.5472550260116162,1.0601326322823388,1.1867197189326115,0.4468207577717096,-1.832033944909471,0.9370721008313687,-1.2005528851823775,-1.7866545094646917,0.5805356531027592,3.062156966121396,-2.7012992252375425,2.420256255626027,1.2673827339796029,0.7030865019696657,0.8680022587828127,0.6117544656462064,0.5930504661325351,0.4338771987823682,0.3056991994757614,0.9999614205607008,0.7050639718726854,0.7950507334716823
12.651074244610442,0.24581693544425828,0.0205673064412435,0.3032366842151998,3.0597698973180107,0.3146631297040365,3.558893058818321,1.0272321977957846,3.9950414737839957,3.315091112834989,-0.33813312635339,2.969360758323896,-2.143175381027979,-0.3081048643496307,2.5596224842948327,-2.1300446505312447,2.8247958314569397,-0.9169316639965457,-1.1640506471178789,0.5543790101725692,0.28238803269438234,0.6371940301282456,0.3485656666044561,0.6065943012779563,0.2522629692475717,0.22122820170164456,0.27536105250168075,0.45509916550860025,1.1110276393716472,2.67634514364435,0.5859360283573749,-1.3492413613165528,2.8235940292743775,-0.3668360252245657,0.7843455530995387,-0.24651362861730997,-1.8716268817568744,0.15100842087343436,0.610745224454817,0.632603210763218,0.2296752808209268,0.2048830766958991,0.6959295654732758,0.496804165744126,0.4898537737139952,0.9322072717003644
0.8027350381222048,3.9604373406489235,3.9330677667728633,0.4384606161940316,3.7378882846512047,3.9634982219876744,1.8520219712997943,0.6135560337074157,0.011278749477383143,0.5496428852020325,-1.7932595346594191,0.25587163736512064,1.7036720449738159,-1.4900918530389673,0.9604685313354073,2.0984996145789854,-2.0641241289450383,1.7380800937161736,3.008583349167587,0.41686020230141063,0.12433819626012321,0.047528855814133304,3.849400729951351,0.7520505142687116,3.6205573605612096,1.2275124821169774,0.9203099691034669,0.36700444300921486,-1.5230415891860212,2.7877189477240023,2.2259791016663844,1.2574863413256168,-1.9967564339386117,-2.7842647011480754,-1.6418677105838702,-0.09325867645697317,-3.094988844597392,0.8962102068706028,0.1967888086128804,0.33505464094186754,0.11721098722816059,0.30079742933257547,0.5596824899743376,0.6309904120810277,0.5516434674817341,0.5141883435651278
0.0036317581035985374,0.5451294507791085,0.5021301134585027,3.9984154865240558,0.826531136321904,3.965884202315957,3.993139565943802,1.3521621298942306,0.13879585853989745,0.17660801175190538,0.055361112188494044,0.6324011804383969,0.9267881915966321,1.8887086955211734,-3.0568673054745275,1.5122009856513543,0.031137813900908196,-1.208318700337638,-2.2901378796682113,0.41793877519612826,0.12789814758577026,0.1047093492952632,0.254446421093012,0.8624253910460851,3.9547699913326615,1.2046164714151204,0.9205960767645757,0.31078098073658117,1.5696345593448955,2.4494296050511917,-1.5965917068975175,-0.6749002630376486,0.01704234935044724,2.9647818241515607,-0.8953192940039143,-3.063973361272488,1.5817085752294782,0.11491981830106202,0.3877433326254014,0.1350497930734771,0.4967347768389976,0.5159772821356698,0.7944478767883454,0.811367175821089,0.9322231830628849,0.7007182734810273
5.223548150604648e-05,3.472654537398237,1.0500470699064741,1.1186046654756219,2.4322472746222563,0.6591298492291334,0.706455612843257,0.4035032358380698,0.0984024419356295,0.09933438965461869,-2.2195296028439775,-2.961344740505082,-0.235187672705087,2.248016798286864,-1.7350776646871469,1.0033220137409353,-3.1302862856053437,3.0461487266613414,-0.5222128783756381,0.4324321838299747,0.12017788257102203,0.1305044378109154,3.230647108413584,1.7926132206370489,3.617904313340902,0.9530369566559319,0.8059152023677282,0.2954742712865251,0.21775613555820694,-0.38293522229390486,-3.09714129521587,-2.3944219300251617,3.1072362827176647,-2.720491832961134,-2.4026558349776233,-0.12534489208035282,-3.141088107289252,0.3579691191047871,0.8809394695245816,0.6841002990881169,0.24379899275151118,0.3064373296540457,0.9849165285440962,0.9163975750093418,0.9738862736430951,0.7282609161601119
0.04512994890990943,0.5109527008728932,0.01000001939005384,0.012787023221325609,3.8562861598991938,0.4413921949437279,0.0720043115246373,2.979061099216358,0.5089160781242169,0.027285166950177665,1.4545504496949304,-2.850477414257097,1.5053777863683138,0.6247806713782653,0.09378428894144664,0.18976302216367325,-2.8273642435849093,2.3272420939588745,2.9239763374095045,0.7521469359329168,0.28053167700184245,0.220157878608281,3.9572786937961792,0.6209556630033937,1.8260747986272239,0.41071996313350245,0.399421322879568,0.2778377999484154,1.8014107042330325,-1.6784106121770745,3.0785164195670607,-1.951808657373442,0.10278055759566396,2.7553573701049006,0.8964872921949469,-2.075652769220265,-0.9342752358997473,0.4292672305786702,0.19740160434239762,0.5868424390611557,0.6382641355945751,0.38905618491544036,0.9671732529960195,0.4605471632421865,0.775139519961817,0.1740582599636875
1.1038316026603348,3.9626582146011975,2.0852574378059123,1.2863332987505245,2.185217938168,0.946688892794013,3.881364707485936,0.2798134472987465,0.1607605146444489,0.3949252614839927,2.670924692065503,0.20459831084992697,-1.2162633804213003,-1.0309575898011123,-2.9380475859261472,2.0005293682358305,2.533870766676481,0.14400805375897052,3.14043238447399,0.46754669932469606,0.24250556359255482,0.2714730509550198,1.4644697618102476,0.9055812348621725,0.18244754392244478,0.6660067181745409,0.5056474126806682,0.24252028553572116,-1.5692531338669145,1.291900994209592,-2.3995282376338096,-2.991764919854655,-0.45998866707863906,-0.9550209724313015,-0.4113373803877649,-3.0753534276047945,-0.5893700037672218,0.7986271803526699,0.7549570861880981,0.647247457314303,0.6994117153450325,0.12493177303243064,0.9222219909312028,0.6824569907418607,0.8151835206585218,0.4898284531504604
11.132624108374797,0.5436721595018097,3.773441815888988,3.331960282401108,0.0466906298742388,0.7532640889332235,1.0295100182609458,1.6648095682772384,0.5415883879272578,2.480518486563049,1.6310588244479787,0.696067358542352,-0.484356723986064,-0.40576154633562744,-1.7979253031597737,-2.902560885095536,1.1057273900195348,1.1913633743513126,3.0719493630400754,0.2717401746666207,3.687399580153721,2.736767207539525,0.5194280894224973,0.12110000886561911,0.13670957164026834,0.0350314931812263,0.1768760851898918,0.3786432077670172,-1.779780868671152,2.2434458473498893,0.7746578475011425,2.589709160697611,-2.060019301842399,2.2810838155547115,-3.0604977967317755,2.6958468675699896,-1.9610595753247937,0.882055654575209,0.3827673610981117,0.14258723126940342,0.4855360972387315,0.7419041809032532,0.3585924924642061,0.9006749961064981,0.8115146661259582,0.24923291057622565
1.633079588105831,0.5456252973270413,3.2394268237605117,0.016583359804853794,2.951304194601198,1.0032162755723049,0.21496344242511722,0.3390348963956176,1.5754075966421777,0.015404264796537781,3.1095544610298864,3.00309154728924,2.3822882136964223,-3.0732570493569025,-2.1903265395027507,-3.059361424627155,-2.192441815477453,-2.204332095870981,-2.5431289242220894,0.4680625894856853,0.13115885559428292,0.1584952501734154,1.182883968356135,2.0638197667594516,3.975862567319314,0.6658825742887545,0.6111839308868532,0.29132306019450366,-1.0095294384871765,-1.3771659855337222,3.0942494350961978,3.141526326701511,-3.107260557771694,-2.4381800116233485,-2.997217631991678,0.02208234583230473,3.131929065193443,0.653112365016169,0.6292253149602605,0.7171225799111296,0.8381353278513228,0.1144372674854579,0.3627158118025853,0.6787192952454459,0.745813871007134,0.4881942530132255
8.118766138519367,0.7480078128976917,0.32754923403762864,0.43816826233763906,0.9460595893168423,3.38027220272676,3.5499671378662505,0.06801063292351525,0.01272467361757196,0.010059026595933567,-1.5707900108366455,1.8868759328683469,2.7436866655052015,0.2322108682336177,1.5650754053936389,2.896593885972596,2.5179005754823898,-2.7790095788354785,-3.140613365569288,0.280540637919618,0.42583779554530493,0.2048337365746887,0.3542073041859574,2.38866808334336,2.412850289324174,0.5301978426775408,0.4779304968294649,0.2554944998488357,-1.4490295178933648,-1.7968280998304458,1.9190002581637078,2.800354910527786,-3.1196347707353436,1.5712219893417867,-0.9492683293858857,3.14112994262332,-2.124603554982954,0.9508129819923239,0.9390757476387681,0.2661578101575599,0.13007149504581106,0.5121557415761204,0.8891192868233428,0.5937998143270047,0.13896223516448636,0.167206671424875
0.0010664146391410271,3.289505774078086,3.1844989257443146,3.813199536689915,1.7195202031537882,1.5942686371522223,2.041588629380258,0.33916028314858016,0.9901120044575844,0.03360651794228239,0.052762826184314715,2.4509140282032895,-1.6035205485817283,0.3485105139358913,-3.1406979523907124,-1.2244392610722536,-1.8044589446369992,-1.9048769180765972,2.992633723096146,0.41119849480279613,0.1987530623101972,0.06293523466471557,3.9928019208572945,2.4786304690976873,1.1132619324047603,1.27650838737845,0.6725818150766071,0.36934354377791007,-0.5694901619928374,-0.6463632027550701,0.6493489285409146,-1.6484988619838528,-1.6833396729806478,1.8150512254357416,-0.7922807404085148,1.9980136956126717,-1.8521485654664396,0.6807696901370082,0.10830173748175298,0.4343061974688087,0.7138549320713379,0.7802093842872377,0.2933355479030597,0.7868259476633801,0.5426193529073502,0.14525674337649175
0.3075890439468825,0.0225162162850126,0.02968008404107505,0.010234444059308538,0.13241661902520604,0.22773621487620577,0.18444889084170588,2.2502214634721707,3.4546755818135697,1.8645465073889074,-1.9705828033729365,2.0228693900377364,2.684839783272846,0.7059932330168661,-1.8618607031551033,-2.2516345705062104,-2.0497904459736818,1.8251496282661854,1.739350934546632,0.3298560767230587,0.3122294111547437,0.42015071913766316,2.9118539321890116,3.283906745297362,2.569447668831255,0.2427985521194637,0.32824346068217786,0.6671923577414253,-2.780407023638356,-1.0642400776287193,2.9200034193595963,-1.681624297023943,0.09830168283946739,-1.2924967888357004,-1.5219731348911112,2.1920327812479528,0.15474703412723256,0.4594342987100224,0.2643481497236988,0.5341130233798923,0.5281304904964448,0.39051049450840836,0.1824802067309199,0.4255018291029802,0.9870345005878574,0.3185477409138424
0.2415677871350484,0.1771004953685687,0.023543236722058637,0.041499770555115945,2.9556869267030836,3.1878902947855075,1.0488609323326357,3.4525642727223267,1.6856531471194143,2.5008395576851212,-2.914625208682449,-0.2748110972029849,-1.588891649300652,-0.12189826193583908,2.6720687196294532,1.65047212949767,0.3328634819928942,3.129444814377596,-1.886957431202263,2.418735262661843,0.3516238148106863,0.2850695063489485,3.9288386811134623,0.3487620040461533,0.01213807175473789,0.26082425332382264,0.3474057765071322,0.26499918785789617,2.7882487534418283,-1.0465547677249836,-1.5890577116437712,-2.741417601800967,2.9530006268976514,1.9794723102336071,2.5092868546910356,0.7412963120830756,-3.140873741021851,0.5457055963247512,0.5368071112192014,0.15517160704260968,0.6379907158202305,0.363801620534546,0.6300044739523694,0.5557683979403891,0.2695438227816065,0.8699069201813909
19.97562852144274,0.21686850677823777,0.02616367763422732,0.14549113607640993,2.8354808265360227,0.30171105136048915,1.6874918963337553,3.842714856552476,0.015291086357889302,0.6909888298219389,3.0665710611768517,1.3100234453489223,2.814116369715201,-0.07960390567839681,-2.161550522871128,-0.3801866338659181,1.8538035042416272,2.1545900285457087,2.7148311601131443,0.688922660078491,0.5127875131833806,0.3225709683874488,0.0691233831080222,0.7251547027634199,2.8286166100546644,0.21347695088499236,0.4436996572323607,0.13413989684738903,-3.1332054050822937,2.599031123328359,-0.24744748789537763,-2.5781404327688415,1.0593707215139219,-1.9191967194637831,1.4211259376144953,-2.1280189524790143,-1.4372921575350788,0.48876780812563325,0.3862603357205874,0.7216087965248015,0.1698375120787894,0.6133946289512946,0.44200216864297603,0.11285044271129507,0.8289426356014831,0.6071973936195656
7.150932895955152,1.0876284934373475,2.5128058565382507,3.77108275615403,3.983235332370393,3.903438553690362,3.9796568951669844,3.6413239207710584,3.7614896376332223,3.9627504695484226,0.431719085371177,-1.9786081917807627,-1.1475780576842065,-1.4786051700026646,2.08171140860296,-0.2791508885468921,2.606261797518127,-0.29519341831155943,-1.881510406183905,0.42284300124547985,0.07588326066991968,0.010001842368635256,0.5625620445419839,1.4006802623791093,3.534096600782004,1.1062114570365171,1.5385881105900068,0.49200288278798693,-1.5588734685771413,-2.7147027771767034,2.675670796359272,0.6982152114464881,2.582795556800793,2.4610100953437213,0.8840728924027959,0.9804400279173526,0.9637603857737256,0.5691673930030547,0.6354223004750668,0.6900349135513784,0.7878258899371837,0.9222533741677434,0.5116542752614466,0.9512186139141185,0.9240240752813684,0.5235790203328814
12.125510853707773,2.8200642057260104,2.9169831009936886,3.732323636517729,3.5128035221524825,3.9999982654914388,2.2607127692225677,3.9442298475952247,3.986357869158985,3.9777689766191235,2.9935352644805704,0.5309573261699212,-0.730219196825022,-2.8219095754552845,0.4161765987362034,3.141592612245695,0.23274473913703986,1.577079008755252,1.8211524425354844,0.1450107720948136,0.44027207037225297,0.15810680237762742,2.9924411624530403,0.5339079027294297,0.024544615074134038,0.33744646056607774,0.7447965792744056,0.8048589222298074,0.6961251825928545,1.2734967927593424,-2.7841898836726786,1.3143054779602412,-1.7160589492684164,0.38532766725307344,0.08871137451608391,-1.1744232184280032,1.062218472886773,0.7203739940723972,0.2642980519244431,0.4770861758493221,0.1959476754496534,0.8070258122770868,0.4302566050524077,0.8349536504289694,0.11035733495839795,0.252345387774497
0.00010204486614445827,0.08951294312307345,3.7906266434801656,3.2258880345670744,0.1016619183057748,3.9399389099237134,1.1417256726256655,0.05070746621776934,0.5467397894652402,2.285600665909671,-1.5707881300488806,-2.7065475136893324,-2.573934693167394,3.0694182200547226,-2.2280921859530656,0.20280058984745475,2.4757451053583814,3.140608406816855,1.2240022299407967,0.42004334245758035,0.09441731483770896,0.02205666609994829,0.7542380711633259,1.652812941044494,3.9724090181581087,1.1608195001816581,1.2137871635821114,0.42291232201106926,-2.2626055653658446,2.31169999526227,-0.12529004619483208,2.0169522575192085,0.8036056931957463,0.1694473541277408,2.858664221478251,-2.0995959476422628,3.0972325144313952,0.752131082683225,0.3555374964424689,0.41551525963810576,0.44060895229045594,0.3964795666652545,0.4891585778957004,0.5278697509226977,0.4570437325335295,0.32370795295834576
0.004373167379909494,2.194771561200739,0.9729501528042965,3.1643314552204553,0.14076400070659978,0.4638512381671413,3.998443508648865,0.8414201854452042,2.136008228748359,1.3428983388845719,-2.4127091765643724,1.0755584371712263,-2.9567747237480626,-2.5900656273751936,1.9253605092171178,0.913252718624129,-0.5547459576775022,2.118803096026583,-0.23992615445484988,0.43797580703038835,0.17508286627915534,0.07822779420399925,0.2371186856299772,0.9284966575890147,3.7650724563775517,0.8810778453274309,0.6546356565474302,0.33237623633482727,3.1017798811535107,-0.008937532671605464,0.9290603103307156,-0.30890451857389056,2.6664656515910137,1.9066779103983622,1.553475659685616,1.431916439035584,-2.1323387321587712,0.10899681231614222,0.512504063538338,0.8583728014586018,0.5668173152208791,0.5144499216740606,0.7656898160793126,0.5137795713844353,0.13471683994551142,0.3065576788825237
0.024829953778319064,3.8127398393118486,0.8485227524983108,3.148455947710771,3.266917136483143,0.01208416210601026,2.4189826606185543,0.011443707233528302,0.32504814445891467,0.02446243811983241,-1.5707876103219627,-0.11010963948130126,2.104597789524476,3.003620960537644,-2.5553353228410245,1.024130857942664,2.5417289706562762,-2.7146806537708756,2.9149192039468526,0.4324898413203019,0.18046868871657912,0.16823063039138914,0.8239531717476487,0.2764401938293831,3.866744120531238,0.9516809591452995,0.6415186946058047,0.25209201329503006,-2.840210433053111,0.47279714028759035,2.768258373784425,-0.08255947364197391,1.2885139555446363,-1.6552285877663953,-3.096625052720703,1.9202059917234493,-3.0964963693509424,0.8730567780266663,0.7579756805548552,0.33272514085060356,0.9046913558492595,0.68765918781139,0.9782563300411731,0.667665644444956,0.993408549055804,0.6876160748277202
0.0011969792929553951,1.0954652080045055,2.8685968409264517,3.9978409898760874,0.3827012818158926,0.013614866247333955,0.6757436040878227,0.47914715950242404,0.7756341330842614,0.741357549249788,2.850047571157262,2.0435213758792115,-1.254066496981461,2.2444470590882535,3.138551647668198,1.5251167581463347,0.446935519109116,-0.3089369850841588,2.597215803768134,0.4137043680203622,0.1845844247418407,0.08656886884408874,2.9401080987945956,1.7944157263197655,3.5541585335933483,1.277349852407522,0.7013159094706335,0.30174358588690514,-3.1197980118873465,3.141518556089882,2.5666779133009126,-2.8549289513974063,-3.119919382121482,-2.54119759269767,1.3009707629619776,-1.619876128127784,2.5566902928664463,0.4230405530189114,0.1423104039768508,0.8765630021329303,0.8327692274086034,0.41333404776895,0.6711273483791955,0.8363761853893248,0.9469486422413791,0.3020750912971013
3.362877064178271,0.319698898814245,0.5034210993282275,1.5619277921451082,0.049667992337137506,0.02559824956959881,0.03053456616657866,3.9828711606833926,1.7086756242453363,3.98912055377014,0.02928090673844741,-2.0043963799122206,0.02134491279773476,2.312800216477849,-0.13198872327827615,-1.6177588631659767,1.5189209121912297,-0.9155421181565737,-2.41495701911607,0.14718162530902615,0.33386782470961146,0.41050309188068296,3.3681898982825147,0.7560192533760138,1.8837433547916933,0.274570864291812,0.37823043507301096,0.6872222976006269,1.9167685000763584,0.6112983843438364,-0.7583213215619384,1.545073342430559,1.1859875197933665,3.137989786754278,-2.7073395695085205,0.1669494274648451,2.0270048827133005,0.5599609104620753,0.27571345235338107,0.606235632306277,0.7474471908567168,0.5614682807530404,0.7466566665460657,0.6459278743813779,0.7665566705084608,0.7917200266050495
0.057534630951805124,3.882856895101258,3.9555282078730327,3.9795092660678737,2.6054101415006543,2.961520261816198,2.632090637133725,2.748079768427415,3.248640231524778,3.3072792049525312,1.5322237552763616,1.3165866753758504,0.6003749405346848,-2.7449638062292783,-1.1316075726467214,2.2751506288049432,3.141576965170197,-0.7081332953996915,1.8644851141190228,0.4062943511464745,0.09510328248659553,0.012848186077847809,2.349470550294392,1.454955180815355,2.655890940054848,1.5162845256433917,1.5287266276878038,0.47475537059529266,1.4487341348882907,-0.992367310719092,-0.6787300205119569,-0.7101565474858829,2.158223346511141,0.2757253634060679,-0.1220290704829825,-2.6062689367413125,3.105744089957267,0.6426714604411892,0.577494872565619,0.9285603003625216,0.6213534995110805,0.48812124664584955,0.43992444712115475,0.9352999793368357,0.8927145878043561,0.5116740706152387
0.00018522164384641963,0.4379246097276339,0.19524220184380192,1.0266015927396965,0.016280359089989798,0.7183379093967649,3.8348410360785543,0.3995848454161384,0.14422866450409164,0.47888865210744547,-3.140333080456431,2.507569616580711,2.952721540065686,3.1381255499069596,-0.8150282407120844,-0.21575722049576962,-1.6790200979843102,0.9112198582497522,-1.6285299934180966,0.942776411880815,0.3203903830432358,0.32833046997051657,3.238320303549489,0.13868222745797787,0.3562011321204813,0.37619139866494816,0.35161820908346036,0.2068358555896012,-0.23022517633146355,-2.8459023850420175,3.040281716862866,2.2776537402662296,2.447525351761871,2.9304505892135184,2.47153070826241,0.14871426544602517,-2.7197908792577232,0.9979750063193613,0.9222636215439701,0.921725672248539,0.7059954740327208,0.19348863707543718,0.5240426409711185,0.1745343432048938,0.21877916479569182,0.47215942445106496
