chi_squared,yu11,yu12,yu13,yu21,yu22,yu23,yu31,yu32,yu33,pu11,pu12,pu13,pu21,pu22,pu23,pu31,pu32,pu33,yd11,yd12,yd13,yd21,yd22,yd23,yd31,yd32,yd33,pd11,pd12,pd13,pd21,pd22,pd23,pd31,pd32,pd33,cL1,cL2,cL3,cu1_m,cu2_m,cu3_m,cd1_m,cd2_m,cd3_m
5.296968206848407e-05,2.092536318620547,2.912293809394637,0.7311059009407905,1.279360331009737,3.9795972652997884,0.9363450758238304,0.7294164314709878,3.02320691785578,2.646334488996348,1.7848461967198581,-2.596079435029404,-2.3978950029676813,2.905409989025821,0.8282115289391889,-2.5259674119126427,0.41017003312477707,1.4867380987690222,2.842056538788748,2.2089131937434803,1.4884439257814732,1.834505540032207,0.8249416595794294,2.3722574522817603,0.8064627466800705,2.1416349549162774,1.8642013311450063,2.05050345677334,2.0244147869768048,1.4778156562703293,-2.6554899783688,1.0597632759271969,0.9004515354966225,2.0143570716060513,-1.7759195267393437,0.6165302817170413,2.1012708501634654,0.30817454068910344,0.011094429735861944,0.1369740111177391,1.989526403311137,177.5021853292019,0.2851688527300551,0.49127145682580586,0.4878380638126316,1.476411374149115
0.11489509051585939,3.0799027598979256,2.4666730604664777,2.2761354577187722,2.0700203927791385,1.437235095754921,0.38814251141052514,1.2108892285103594,1.4499229603834458,2.2588771902260114,-1.4432704776632415,0.906022098836246,-0.5924063505875963,-1.081247714226584,1.008815178934352,1.6073895656786457,-2.7644190308146905,-0.5033214290820198,-2.8321541391502674,2.427278833712861,2.227536319651174,3.3930084793455926,2.811707193936233,2.246323690612158,2.249946648409998,0.7389511222598673,0.2522779548382304,1.015133090244128,2.0143599672421244,-1.3686368879010948,2.2943813303543674,2.810026886662026,1.8688134425563714,1.5595065271320516,-1.7637686114785898,-2.4398132581344605,-2.789450303939394,-0.026588787034746098,0.11342110723056731,0.4128623133914049,21.64030338972029,17.62496123414662,0.6199079509458736,0.5647932750152584,0.88310829281063,0.584569987505529
9.447265400310077e-05,3.2187224775124985,2.292021569379864,3.9469029584219544,3.5967166809133344,1.8287206203011053,3.986802039911181,0.57180698117497,1.4135025257877631,3.62415124011361,-0.42438408552163365,-2.3678248915555673,2.522360167722093,-0.30453432492079546,-2.3984722230214426,-2.340569160893132,-0.6176594998884855,-1.662212642018449,-1.5343980887924713,2.634261112955653,0.010104044501382166,1.6168612579230681,2.8725920804783627,1.406591542511682,1.5459041006922265,3.3879454764032237,0.013053816305318012,2.8549990558288116,1.1702674162503568,2.6720926751763656,-2.1159639208698877,1.9479312882677435,-1.460013011372858,-0.12813248758989948,0.885386779560581,1.4572119281053535,-2.7005372243120425,0.17188259040245768,0.3803666637707179,0.06520012375747264,1.2322015774080128,47.769793044671985,0.1726593023997065,0.4964771595403068,0.5325633738351883,0.5129415580375873
4.592381141644692e-05,0.8273753162577409,0.49779282247017975,2.406897283249704,1.0243795273102831,0.8335939805731,2.3239876650787292,0.9985743246805339,2.2167129463586335,1.6022970808532577,2.3471773880190634,3.1012283955563626,2.220610576223467,0.8226869002210226,-1.2622473404063703,0.37808926153621014,0.7029860604087306,-3.1242739012127108,0.9348210732760824,2.773794426658069,3.9171803488244183,3.062830319585362,2.9921158652302133,2.700681952347071,3.509654602094058,0.38746950137058295,1.5345518172245545,0.5490901394516895,-0.4680821423669208,1.2707789778994574,1.9098118273002331,-3.079009182853398,1.702320445012611,0.4115828098386065,1.3974385863515302,-2.5030233578314616,1.5057514392605702,0.08944337498345778,-0.006659940852179247,0.39135947047457176,0.7933659248375164,22.92361831102402,5.197279686175403,1.652663644340337,0.5301826474366775,0.3962951303819402
4.324969219054656e-05,3.988707593407971,1.2218178864173066,3.934401089188553,1.2707161558271685,1.2464015286728747,3.224205493586598,1.7296907310868592,2.353205959329108,3.937638362281959,1.5406792498339348,-1.520929598124355,-0.8569518178203257,-2.915262472599083,-1.3544776375451115,2.1986484177628896,1.6238660529871645,-1.038058823694156,-2.487874605023475,3.998062883221699,2.7611780289004657,0.9200292420064997,0.6895278649479883,1.8181400792261988,1.9847015706312248,0.8584211878265174,1.0877068692337426,2.8342915512454283,-1.4142617146233163,-1.5746026976969065,0.9261489524099646,-2.779347825282794,2.714789424558174,-2.561330794184336,0.8792666533639064,-1.14138999396926,-0.8093467630864546,0.025220010419829464,0.19527364485175003,0.38903528386523867,0.680934581943716,24.018999314826438,0.40388853095989496,0.5067138075984863,0.47327350165282045,0.5092881943125906
0.0001818267937208657,0.15514464547693255,2.780413098120875,3.171521229177705,3.985874375460337,1.962459287189577,2.781904182592871,0.8091285683067128,1.8143728838083495,2.308796768583117,-2.530658442043904,2.1892712970570694,3.131181330430014,1.401163198760524,0.9899959731959873,-0.4853315431416809,2.2809743108018923,2.482960032844055,-0.6656032953969833,3.0731595998903067,3.4914833993657353,2.2124940967796016,3.8319202660224305,2.150331876316623,3.9999915014736134,1.3809286343892293,2.2297455954621324,3.5204011633894394,0.020396246274107188,-2.323166763122674,0.26485902447600385,-1.4888762042371115,1.7804617152548312,-2.110338467955226,0.11379187861100393,1.8883147809939018,-0.09301903089556607,-0.06696293091410066,0.03311717450898488,0.2705683846256468,0.3727018714468704,17.762410909968683,938.7673280612793,2.983151392399643,0.8288077088966839,0.9185861049085924
3.0058972307321014e-06,1.16659382697724,0.8008158649736148,3.337427182250556,3.7975299275715964,0.8702161242305336,2.0128356404534125,1.6036326403369119,3.369556835390661,2.607112033370461,-2.9132115971602786,2.4242772883607273,0.9763421554905882,-3.073264288564393,-2.649366938432508,-3.095106044215029,-3.132721000315629,-1.9204635410892281,3.003329888659647,0.07668368959582089,3.999822207669024,2.686098278029318,1.391683974901467,3.7340569122580396,2.7341143514224266,0.34881823133521667,2.7992970833500523,1.133257243786436,3.138121063886966,2.852074267357561,0.46125690670562536,-2.2333800177507794,-1.7146858726877123,-2.304620528961504,-1.0695988156590825,1.8193845360075125,-0.14793697688628482,0.01633258721193087,0.13358413239352096,0.37254774098743404,0.2511390188036797,1.6722795197204903,29.552774521512795,0.5344406051440194,0.5414142725858317,0.5339070928401242
1.3119827823950896e-05,3.9063889856230736,2.8315174957225695,0.9805522122910549,0.786110392192648,2.814710514913274,1.717446230330369,3.972740889774367,2.5178404812747144,2.05338675366764,-2.2361868488285057,-0.6709529738483666,-2.6100805556070754,0.6410177285202177,1.9206700537411292,-1.6449539302095715,1.7290579964185948,1.9708420023058713,-2.9548149953653255,0.6207245222875323,1.274205731266689,3.975202622979436,1.5752614336565012,0.5711895452226853,3.9595305232357143,0.8582556193153831,0.34829213791100533,3.7742358372261884,-0.7928883179959678,1.1627422560564975,1.484180467542319,-0.7792416031713714,2.4567882175189073,2.468939894853678,0.39295838697946595,0.11290488068615279,-2.7106669995405466,0.10363268831278205,0.043677425306596795,0.38098367770692665,0.60088469551674,25.51808571198813,1.601347633046828,0.5876270044393443,2.889437015972778,0.3778414632274245
1.0051800384411423e-05,1.4282449625774583,3.1252577804216903,2.0562104052679655,1.2289700927790204,3.9999211443046634,0.24427858286285414,0.07373987987560547,1.0596098855003013,1.5871378268347327,-3.138229804368787,3.141543024834056,-1.2043989554819132,-1.9765531783936263,0.46286101841613636,2.6770945055475117,-2.2573412847652152,3.0220864766184103,2.419255167748444,0.5591285152632531,0.687796794008404,3.7756612060410264,0.460457144494451,1.6455328825177566,3.3542134707636957,0.6928025352199821,0.6010424808681922,0.11257963696451312,2.3625576238015435,1.8244244868582076,3.1092889894704054,-1.0939340365313646,-1.9758408641011462,0.05873999318708156,-1.387666859309929,2.0134752199415136,-1.5280060454744664,0.027012714405626248,0.33961970054737733,0.13364385963705505,375.9795151923683,0.22391446141991622,2.590407034400453,5.519721792254616,0.5102329000698784,0.4625958440948619
5.882430636904276e-05,3.0643898674251653,1.7321161099838245,3.2060165763141457,1.9848404737989926,3.187470696233852,0.37383499235032386,1.4630315280205233,2.6205500849305334,3.8304273539489073,2.820723521809823,3.1377599803694736,-1.7972130661443895,-1.5985738793359228,-0.46954679380992603,-0.7050924809422305,-3.085604578890917,-1.0037075604998256,2.8581387465959516,2.2595512562507256,3.39442475599583,1.0717673131694947,2.2266312572121607,1.982442682893579,2.9438041084128868,3.8637746926722993,3.5232999575498183,3.5402342278148646,0.18625075649513567,0.0006265012109363255,0.5167189428502108,-0.12927786629901927,2.0261509503884456,-1.2827376750089545,-2.6759972194329613,-1.7991573352513517,-1.584853770132108,-0.008246884055995274,0.10535369374860615,0.3162131571774909,543.7190927808781,1.8950099170806762,0.30442632269388614,0.46944395624414437,0.5678735980880063,0.6220817118391953
3.170707626303596e-05,3.8092211293701927,0.010823995572929597,3.392194026903849,0.8447928315817301,0.013709085417621673,1.1162684165181573,0.6996539622631496,0.23181159023501174,0.7850230684164612,-1.3273030250900941,2.150545782655863,-0.26923781481064646,-2.5152390678672196,-2.679171175954688,-0.9018275247491006,2.392436191263841,-1.3757607236313256,-2.880933462911577,2.634829774830375,0.6168413995456173,2.8759601869549902,1.8713074587468461,1.111870280333819,3.984759455299715,1.362547941521773,0.8295609834298805,0.11015340762937005,-0.05929162663967835,0.3308739644609746,1.46815530068781,0.6192928991020676,-2.4705643023261374,-2.5984938765159487,-2.283224331082145,3.1157134020217754,2.191271972543362,0.1527117971659786,0.04375187618210674,0.45333757013838394,45.184610953464286,0.3515381948123677,4.357468046921962,0.4788315359387436,0.509261779239508,0.4866765839916338
0.033168769365862244,0.5534170102625726,1.3124545725804306,3.343376509440907,3.43400400570201,0.22654959088056606,1.762781584268828,2.5980270785831467,1.811449135851153,3.046762651712863,1.294839821585125,3.0160192154481313,-2.805429587476661,-1.82635427237455,2.3906796302493634,0.7652890864265722,1.2003961281964521,1.6434704094183976,2.4336084105873868,0.9679265362769691,1.2279442449321045,0.01721238938806188,3.7692729593633887,1.6877407437483622,2.0084780771486015,1.555714780059907,0.347004906570205,1.796875756192641,-0.04263700138536608,1.3403939434602137,-1.8798157558055304,2.1240652431082205,0.7091399548454134,2.6135424908038862,1.1145746960087157,-1.0965384232513005,-2.3527087888309843,0.026260685672014894,0.12311125948638679,0.40072383177795334,13.78904785142149,0.3897537714540267,0.9928671444973727,0.5492935042504783,1.079337518750842,0.3630447924893234
1.7979555802123454e-05,2.813716618473788,0.9696727443653674,0.23032510189116412,3.5311344780815466,2.590391739368551,2.9087854906345942,2.143383901489986,0.5236574248919602,0.9596092468764695,-0.5113980746605686,-1.5483790975823122,0.5860710103985487,-0.12514412938819364,-1.0568818850506836,-0.14766457159781066,-1.9153868008745034,-2.67154915042409,0.29662255904268875,2.6222798356795374,2.185984632506151,3.635626395620397,0.2574474225272523,1.188626966321218,1.659766009987597,1.50748603216904,3.6698994504540683,2.4934705208048333,-2.21106677268399,-2.2129415963753463,-3.03939965162204,0.5439880212678445,0.56145341636558,-0.8049677677433533,-2.7963027911379728,2.8236943334858307,1.6175182761981448,0.10571307594898016,0.34721613437250554,0.0010148578599000757,0.4459405826070322,26.719137201639683,32.84498362820266,0.7376233927944345,1.1322758201247023,0.5266253645746728
0.00011872127507567623,1.1184167993629495,0.17770783371941917,0.6266615468611905,1.1098432531569862,0.3502233492655278,1.3548537602529,1.5786904440941407,0.44050414569059776,1.3440884027737678,-3.043508256247804,2.6065562258788084,-2.7170457119739653,-0.09262912674873425,-0.4135842807535912,2.3689399265527067,-2.308483309368232,-1.5866128289827208,2.2705204488808644,2.814810720931637,0.129820420943083,0.3356085716089153,3.2346016805641895,3.9974944343773826,1.3411734536372115,0.45823190476689957,0.11474348834490436,0.10723920923302897,2.6311581720788633,2.5392552033817566,-2.9297331529372825,0.2916112359504952,-3.0911672572109166,2.2206974438112077,1.464975043833272,1.3496573251179322,-2.128185480775637,0.031497382326147516,0.11363877193331362,0.4645544542373239,4.492034625300704,0.5060381041089448,5.400741394754615,0.6083538455125153,0.39758848954133796,2.2141217928577976
9.931337089368704e-05,3.1773996317961206,1.2679290382808992,2.7003156541960434,0.9546016390688221,0.02274565832584229,1.3103548416410649,3.2798464498878626,2.7926183078590685,2.9260881588817926,-0.9817300669519962,-1.6211446188014231,-0.810453893677952,1.5908584767487932,-1.2771732987188915,1.287611558195774,-2.4328676374083242,2.962707325860638,-1.2920575015800626,3.4310529369035216,2.1504989126351544,0.49265962968917343,1.0468600479240713,2.411439902806957,0.9373863498401301,3.9997504421615373,3.6434911644069947,2.4546663226976015,1.750336510167113,3.121819650906102,0.4581352667873788,2.030772500195109,2.7443665888402595,2.9896475532116753,1.866715233471134,2.8948601259096147,2.348881290895191,0.5413640623632618,0.20154694599771084,0.19084512497628925,0.8736935255192053,0.2894137967368211,0.6237223800885712,0.3049622409793269,0.29539582995758185,0.5141316542060377
3.1730377340025583e-06,0.15597212036684796,1.2750752767178661,2.6263835118525045,2.6189430515397563,0.0550090073134779,3.0383316633156223,3.075280263683554,3.1951639215741356,3.99952056644941,-2.815818844230545,1.7341558315694066,2.329019231596382,0.6732031325042631,-3.1368133750404112,-1.0728407279463186,-1.9079209729191122,-2.947071181258768,-3.099728971328291,1.4044989120623999,0.722184570626957,0.7866053296862262,1.1024267130485936,3.6373881225733053,3.555956593173728,3.2732954742867095,1.3867510662540816,0.9082487928949272,-0.8227795249342065,-0.534777267261318,-1.7403028107466372,2.7461542589215435,-0.21394559239114042,-0.6816333568576467,-1.7308137993587727,2.672156593528097,1.7542170055023858,0.30594132312976363,0.03005199518635493,-0.05492797303317243,27.057644347032856,999.2191174668096,0.36062385969711297,0.7487491501158203,6.238973495707491,0.8605227334423056
3.0783564447780596e-05,0.5502404415270219,2.6762531804506975,1.4499329433242523,2.7457498003737286,1.700701399650309,1.5922368937272724,3.041158472193321,3.6261081015148804,2.595182952846609,1.3400389208971726,2.595515974417137,0.770440530278786,2.541155136818971,1.5751916090745137,-0.5617593940369101,0.2515286804017203,-0.4432881706885117,-2.533325894197551,2.0760718104100615,3.3758389226713597,3.9346535275603918,3.198567504360896,0.13050604426266244,0.9181213769977826,1.0589483954854817,0.01000431722993918,0.396118338657926,2.5786175251054457,-2.134741000251677,2.4073178407146365,2.21002371757407,3.1261253870142616,-2.0985191218646255,1.8336688100042693,0.5686858982374998,-0.939934608062118,-0.11422554641127647,0.04571469760474045,0.29682898358864485,129.90814466580068,60.39796760141638,28.17148186775092,1.2067025350419582,1.0705250000902673,27.04557334488291
1.661657408613952e-05,1.1749910486569395,0.1237325932289941,1.8332081067590855,3.2787451946681325,1.695918957715285,1.5723223833824784,3.9903403001318156,2.9647118245072592,3.8181510335264437,0.1009971420687994,-2.391047755475385,3.014995431407372,0.13247540312494221,1.4903005061744414,-1.2201955668769442,1.5651704897580316,3.032800104302744,1.129639476118327,3.9191953657812886,3.608324170744456,3.8720480289374275,1.3905671859918014,0.330505815705492,1.2280674220661052,3.958141621749127,3.990247956861639,0.7322866463609577,-0.01672142156179035,2.2191292767355995,3.0270379761427373,0.9792925821003493,3.1413808896112947,-2.9198051514094727,0.740773770712591,-1.1402027890048854,2.7868934431016106,0.031611962813025585,0.2913186512182744,-0.10524381774318137,2.4098442511913136,37.77065223109465,996.1848762646748,1.3741677948188897,1.9902333104860448,3.19022956313
7.244929138793228e-06,3.954671636718302,1.8296805126228346,1.9055730349810969,0.4218193654427076,0.643858392801609,0.25633644365716574,2.612832469159541,1.3350281652843372,1.5621825690877729,2.4464863616505834,1.164655977047686,0.6163065549692215,-1.6546122219723414,-1.3644223953468453,2.328761096560296,2.5361558678670146,2.8877939791026774,0.5842515209270069,0.6838811840842586,0.12374456126914246,3.576975742664985,2.156065069324157,1.7722561499495613,3.027264003641217,0.2147475960259752,2.1703900504009224,3.538348459974946,2.4279689204063466,-0.8386252411318664,-3.108576337976319,1.8714552076557345,-2.902528277657563,1.055836399065834,0.6779509283729812,2.831138705708468,0.6339360001371133,0.08525785229526317,-0.06907580150190107,0.33692052915617765,81.64839824079168,3.4469814218779913,23.77299990945578,11.020052110321732,0.5054285720640692,0.553855983721065
9.984385075470579e-05,0.8574256009535266,0.450852729419236,0.2307993057977023,1.7396911030932654,1.45966526984527,0.2888707480689383,3.4469656985175785,0.34551987268017126,1.5261625399882,-0.7277107767475015,0.1577140737208138,-0.8043711678267269,-0.6817100093614266,1.755323295599804,-0.3185225225560986,2.699523771367444,-1.3221334935614915,2.927407346228269,1.3394214159505762,1.2438969387770153,0.4837518415611361,2.1501058260557198,2.6499738871822363,0.4156890446251294,0.48725491963717515,2.4909041547066746,2.030479485184902,2.440606330028987,0.27288307926694566,2.5023413609267644,-1.2135796335037472,2.581173964633348,-2.384569105337826,3.139363241936562,0.23448354085331768,-0.521353549909604,0.35818967139018465,4.017091440826221,0.31471001866263215,0.05767118367073376,0.3197336475697776,1.3367641141268471,0.23916369898162237,0.18331393426036247,0.33271933426240796
1.4436773593942548e-05,3.8897586801287876,0.31960982480849215,3.8715699477871013,2.0052276651365504,1.8219583974308837,0.23929102522194054,1.644295692887782,2.1767404553497434,3.1575735455535985,2.2902641796415653,-1.8724474848321362,2.9857917053036775,2.21640456405407,2.802285316171216,-3.1192927005559064,1.4238318885357604,-1.768084251981506,1.831827630976683,2.193080298879391,2.6756387885964212,3.0627728717047007,1.6174520631309468,3.0756219791591657,3.9253016774791005,0.010821532474438305,3.842140456701078,0.029794029572959596,-1.9782958580237358,0.3146863547088863,-3.140613349795578,-2.1911557061922484,2.78791206972047,3.141435771193205,3.1400985918436612,-1.1671215240532127,1.985898938528626,0.10400614930567187,0.3767538358720701,0.15011129433044434,46.64897918656406,0.71093316628229,0.3414508906382432,0.5748162135815358,0.48754361565274706,0.3655059323906116
2.2104357080160084,0.7106783489034908,3.2284935014554748,0.45624219027541507,1.4509133227646733,2.8694254663964323,0.4281436103453598,1.1863801476088893,3.928096675571685,0.07319012132608085,-2.1898783745116797,-1.5883413124116394,-2.521959028912411,-0.45373794368228415,2.917128439965725,0.3792464549635164,-2.6786738373944066,2.1693792033644854,2.2560499304415247,3.4425929804429076,0.6506876591908856,3.6847624211294225,3.9028128121390213,0.02390389893425721,0.03811553055409726,1.3375007472269582,0.08714731806977644,1.4164402785321333,-0.2993267418381409,-0.20256194804884986,2.424202768165176,2.5872360153698386,-1.8165675969121595,-0.5304069566280942,-0.38446003927460737,-3.0720746565044315,0.013781451166361869,0.27494696444282685,0.2225694609561346,0.8360927396342834,0.39457319872437324,0.5333517563276171,0.6976523212562169,0.36186791422479647,0.36543448874058093,0.28273854052273784
5.797589716221951e-05,1.6011568730914152,3.1743441522983753,1.8275386845414885,3.0269551545413225,2.8335576259214155,2.3627742159266267,1.7335671616838721,3.4519950559440056,2.027420090308033,-3.1238121704719446,-1.2099970630546593,3.1241247322763694,0.7864507955662621,-2.281607496980639,-0.2291161558774979,-2.138927480723928,2.0631269462746005,2.4815703570500274,2.3032603858499434,0.029104222004973798,2.61341249775919,3.6951747385921974,3.855946971518835,1.9915450194963276,2.526210208601746,2.5290561086115124,0.894199473951582,-0.5027214558730266,-3.1415107920924346,-1.2504656899223896,-3.1415834657593065,2.4607248474186916,-1.5080703882984545,0.020819699424152738,0.10755956322138704,-0.654989241909754,-0.04061011167862816,0.28610950904597043,0.09092307363753616,2.5861092429225625,378.4108015195174,0.7702309521579611,0.6434187844236643,0.6822337959004612,1.0839110355649941
1.935201101299492e-05,0.010158590245468311,3.4883411764263093,3.5816549590978095,0.2331953509332505,1.0426653874253182,0.6042429778949892,0.010167515967762825,2.926504641433266,2.898320744488892,3.0166808342523748,1.4102275651756386,-0.15017974197514938,-2.216672448475694,1.0370506239086623,1.5627976937640975,3.1415526572045946,2.8097764028488443,-0.42396604411554284,2.7570259614653727,2.2238058625931263,3.9945937415391453,1.3682206900917349,1.1832690372729169,1.639500603559921,0.13991053185749547,0.33198657158360073,0.6212947946415736,-2.6738447349945966,1.0301025509632957,1.3109718293901649,-0.07386575551358732,-1.5745309676281176,1.4133946378251476,0.9879953714289487,2.503805342034232,-2.6268380479235303,-0.005161362926541457,0.15843043941687807,0.41274670806346947,0.4201764476390677,7.380401004235583,1.5610554504320255,0.5095277483066081,0.5464834802180984,0.8830734684357813
9.225077723883256e-05,0.12544924658364662,3.152320949107692,1.0364726164140476,3.4241720866134244,2.339996845019546,1.038927957268193,3.810463660638186,1.8749360802145982,0.8105452002507259,0.26767172487472113,2.3429240779583784,1.8596385271538614,-1.5961888655555978,0.27032791567146397,1.4094700999216618,-2.2911955137069344,-1.230661300206862,1.455532180379385,3.1792649821951113,0.4525550054416399,3.080230311413147,0.8055749629545793,3.9411774471070973,2.0484633877192233,0.1909032236904848,3.2710140032927773,1.0513490101424559,0.3957104069079458,2.6392621762395825,1.6220234407424456,1.2432880953279808,0.7871507687714754,0.5416368535758966,-2.6910487303692623,2.1583299715854904,1.7375958281626982,-0.11859819903008617,0.05803588952933669,0.31201708234653225,0.8688928759099355,373.77418832767705,34.588314613140746,14.03717206878024,0.6724959603018199,1.1512050706528436
2.6786674260233906e-05,0.4025225547574857,0.20565621636371523,3.229767086600354,1.4688292345473308,3.7846655798569246,0.20855470956460082,0.9256706279835275,3.296693524607557,3.9998511905728753,1.2531924502465532,-2.194218221388349,-2.8564721189680973,1.6920360167032067,-0.6513463879911736,1.230162266852612,2.710387947148994,-0.4238346988371493,-0.0027170756335275215,1.0723316292394935,2.054350069393334,1.1813275825055225,3.5850777232802375,2.925104224275205,3.820658555227976,2.3665340294976205,1.8526692528748672,3.349704014283343,-2.2416434210875726,2.524999435023811,-2.7433756740248167,-1.3775669173128406,2.2573843844347854,-2.322577983557569,2.613460656121764,-1.9929636348076354,3.0860049171231063,0.20354987651323864,0.34873104747557004,0.04873601636906777,195.78867542689582,1.0477974819394404,0.25236145039033,0.369383167717646,0.586806492579842,0.46406754260651706
1.0971311272564584e-05,1.0584152827728792,1.7564312354352911,3.999997431551142,0.7586232650360887,0.5104854876024636,3.4129321127504326,0.794840762746927,2.387422354040623,2.025949635433896,-1.202971574157847,-2.1311657200805447,-1.0131447641835707,0.8809783719420095,1.654543524441701,1.0226032527990556,-0.790415259812876,-1.8022436093314351,0.07555111953501426,1.2627581791211315,0.16329168147856518,0.8299024774388117,1.2774547963262848,1.0089117446409055,1.0244975286476994,3.7817223863342635,3.1635612410121974,3.9967113313271585,1.5979097867284295,-1.8981341416450146,-1.9842188544906894,0.054601030166497644,-0.7277484293579479,0.5990494975497103,-0.4842560696351703,2.1826158964793914,2.187746190390639,0.09627694704466183,0.29641730720075543,-0.10119587096670912,796.1327253284455,0.4237291242318335,149.69285557691094,1.0407795599646645,3.3946742683036177,1.6423469995086917
0.00011113087887353512,1.946107384981329,0.7917535352524807,3.7910735012260317,0.3549397715269514,0.5363726853765384,0.65172546003832,3.9999742376216694,1.1256101281849296,1.5666630322229504,2.184100222937034,1.5366631242970907,0.5245378894999182,1.4533777834635586,1.5493684605868827,1.9498225221279686,2.0154465628360505,-0.8864631781962209,-2.0850162310295985,0.32551866041004296,0.4656217776640789,3.937833756880759,3.4854930538806888,0.10933046571437738,1.1558393028560823,3.7060473339322915,0.15625630937725787,3.0294294451946935,2.3678130182521766,-1.619332367789084,2.07183609562687,2.651608038463835,-1.386511331368101,-0.20012114071759113,1.005808852687486,-0.05060513832298019,3.125378893377855,0.1925961517539676,0.5699850493625096,0.11241020849221961,0.1653445481609852,0.5707147750259223,8.137659638511918,0.3156788376295845,0.7928861327762213,0.36998317686192994
0.00011904660447600198,2.074674510700564,1.3795966397464792,0.015956543208664686,3.935117542050309,3.151487360920299,2.2075508255267446,0.7626598709973462,2.681897424199165,3.955415810859995,-1.7569722851698244,-2.316783646396661,-1.465375955731549,0.9106726138008625,1.3487274953980313,-2.5458720955288685,-3.1415758709620514,-2.178978841478452,-0.9228359878671228,3.1737820003504313,0.010000176479339005,2.4673388682909563,3.0488900027177537,3.1117756870845796,3.3295419193847677,1.4284481240197386,1.3245577431559636,1.8890413572466394,-0.36459927206088016,-3.1413521021691473,-0.8762926719457811,2.678337786588613,2.163140346389514,-1.61289946317292,1.5270598775564421,0.41460263419489607,-2.1318281204353022,0.08766938188010176,-0.017823895339883045,0.3241951510786727,6.19799863277529,127.17417261669266,0.36119614488000273,1.4034551530099293,0.5168426527070498,0.5380434456016729
4.924393459408949e-06,0.05819000637693676,1.039760972039992,3.8332067905175955,2.187461765751471,3.993291446202221,2.856093466513595,1.3322474648399991,2.878900686290495,3.553778425053411,2.180302125337702,-1.6186886911273093,-2.807150678865887,-0.5991561261359268,1.9319808924233435,-1.3854510400247078,1.9273689791386168,-2.935897057579151,-2.9721737481566906,0.24446765215208968,0.48843109098868676,0.9579172205099921,2.423214051558646,0.1340703075986487,3.774875051031919,0.17681657444032534,2.8523016070228753,3.8944252579474274,1.7971741961789256,-1.1130909797680713,0.3619209930467506,0.9416991893700883,2.2145472761230334,-0.5676510923232714,1.146308725562692,2.2346784274476237,-2.0040307451573014,0.3899754958859729,0.06560847101033929,-0.012655594203622833,14.73765883492267,118.2973431959174,0.23393107240940036,2.9283990388903023,0.7362637230744236,0.5945757574446828
0.0001946325580572027,0.010223528803459492,1.2460777548006237,1.2438593255206136,2.7485669232850762,3.9999985759122296,1.1315806359004446,1.6769511175455358,3.961983026743627,3.89366535935219,-3.11908068049648,-1.9221723070244205,-3.0666976918780793,2.8865904099141284,-0.8551998077421028,0.9527608985434313,-0.11304250240341451,-2.807922999236765,3.1401082040677935,0.69811109219219,0.08676460008626309,0.6587093267263986,3.9981025562920336,2.7859121641156017,3.6949697186084447,3.9206510368066523,1.1859944422384894,3.6663027504413908,-0.16830408128171204,0.465461559822542,2.0864638192780003,-2.497455881508536,-1.2728975978537826,2.6791393711003355,1.821704589153029,1.7284225000430382,1.1970946584137359,0.4770321308468839,0.06206908146702439,0.035821186589664045,0.55620065383546,3.727410740093367,6.53937829928835,0.48198397200366117,3.5858314017730066,0.34232323687987076
1.6403123297666875e-05,2.435321083672015,1.2223531769286458,0.3979566801024456,3.993944161140445,0.6825996700235787,1.9125154154529482,3.895186373976427,0.829956582881063,3.40609012472244,1.5913946764562965,2.1213941208368894,-3.1415925357598713,-1.1254015261299006,2.2026944993697057,0.8615905659496317,-1.4044716059189095,-2.51896724629514,-2.078183939385423,2.3945614601015466,3.1500802643967822,3.7830988830185275,0.6644918723040194,0.6334396188583414,0.6947181635838168,2.807662174255711,0.5895964251571694,1.7757908712781214,-1.9954291861285784,-3.0014700832923893,-1.1132009710530224,-2.4163912995652392,-0.8195164935605184,1.7873511363339603,-0.5114384374035721,1.258736289735979,-0.13051337888978765,0.046796806692667836,0.31463399352855603,-0.009464629907192545,0.2481049177559118,52.324551233868746,331.310572466673,6.612234348628256,0.5686500487748569,0.6815109460676521
0.00011743930522808114,2.068668761557847,3.993926820153355,2.019768295178138,1.2927882884686368,0.343375045343018,2.1195760694764876,2.8209895409503836,3.2190150926106087,2.6681506202697025,-2.9354119895783217,2.0545710651065185,-0.006894908262498056,-1.7803843839246516,0.6490967282997215,2.10410957773611,1.4555421923840415,-0.8190086612012082,-0.8120975665633021,3.7804456593175018,2.7085075725326,2.1850348111440647,3.2664553155411897,2.0815675242105804,1.5890437958081016,2.1510659435808788,0.9990176018797292,0.6804032145887692,0.5516557442732837,0.23519989978591838,2.8147582014714887,-2.1073936516511766,-1.3470721503837135,-0.014626856335325567,2.6653295336550906,-1.5847477705794089,-1.797795643763723,0.07939808856806518,0.037811049743355696,0.34554141748327893,3.2728946716573457,1.2098470339798615,62.83784877576332,0.5073230041207619,0.5808809810380726,2.3408320847480706
3.734797764630128e-05,0.15341797286895117,3.8932295092644824,1.8229675050041694,3.8873927757270166,2.5344858494907068,1.2264964648242822,1.8241988668773912,2.532066912484764,1.4943251366832433,2.4434906826602685,2.511428798939823,0.9362175340151717,0.917944686155268,3.0741267288251404,1.3858264424470352,2.8129803258224637,0.5580181279769523,-0.7844075626439131,0.09657163498674462,1.6395766075056395,3.2958151954598334,3.463557604244826,0.013329785103984998,2.8025223946744733,3.4615701896036293,3.7622745315157253,0.3969158099662882,-1.490824160628808,-0.15364296512962694,-2.7270080765672233,0.24714867219919645,-0.24943673227421304,-0.30212401215808393,1.5281504948079077,2.6216512164205312,1.1887288108934877,-0.015367541101440452,0.10377760162598726,0.3374466885474874,0.30089202214922484,71.3326588159659,68.59729724146287,0.603038609654539,0.4341354559842143,0.7040063849561502
3.4191394790942834e-06,2.9762302108951837,2.2476212218767517,1.9422217529470691,3.9782190278105505,3.2434981592871583,1.9835912801912934,1.484385426480993,1.5716489749762752,0.661268405277947,2.3353255772733625,-0.8225429035803233,-0.7621348343456371,0.8849364119492931,0.4029395250773993,1.4758694290228949,-0.3269873612140892,-1.8724927793915185,-1.3244822087401078,3.999973092199491,2.635373429995706,3.9990086766063997,0.19544801737263645,1.9112113978260448,1.684612668689613,0.6436143008574314,0.3955764474691587,2.5090160995541635,-0.24323364220018373,-0.4649798056952861,2.085263383301804,-0.08208266515923457,-2.0204658023966564,2.2998910985312433,1.7463497418353393,-1.7788078417528117,3.0998579480247495,-0.0024669196693754003,0.13684764862437682,0.44067460268208336,0.4490565303978009,13.041060136931307,5.002384218356678,0.5382446838499186,0.7668536086831148,0.3910218383151278
0.00022745101476958704,3.999981608679598,2.112943014893522,1.3740550265489215,3.9590732910609803,0.7461881572975584,0.24423163579800863,3.9872887460292468,1.9942438067069657,2.5766650854718565,-2.3691822505196125,0.9836846290287804,0.8966661978717188,2.6602950235981497,0.5517233837379045,2.998023479097572,0.7559915336166347,0.44642346748954864,1.091209227209462,0.906841583097566,3.508054979817481,2.4184200089794023,2.6798912255030842,0.6769984787426125,0.8434175165565398,2.727753589869528,3.4792693136852315,0.8346573612385573,0.5081206095208373,-1.3668948282927933,1.8926411360354685,0.5729382457285803,0.3861132605203883,-0.1762521645435875,2.5960593769709286,1.4983474191474695,3.1254021904159153,0.08266319928674992,0.2370495425720769,0.44098199648656866,0.3380481400694588,0.7509440414730211,5.278035176553036,0.3688735138231696,0.33151224121275913,0.5862709891838014
2.0852857005188298e-05,2.550968569888399,2.9841903285410356,0.705063563538834,2.0901290960676038,3.3767853427801935,0.7696525900456921,1.3974730976415437,3.0154219080723554,0.7058008697282449,0.18196273051495204,2.842570465357573,2.8783665975065915,1.3629548972240482,-1.2577157303125082,-1.174406463181623,2.5949446959715177,0.8930423169266035,1.020219775422932,2.9997673324544714,0.9063245260509538,3.9116147510191746,0.27556482601464827,0.2504925102867426,1.0204437720918667,0.7144199806011329,1.8300826741798764,3.7812932289425527,2.603909853160686,2.4417387278481666,-2.420719175461426,-3.1182383099173885,-0.5525695243274491,-1.9117534998561394,-2.6388218270476096,-3.0973230390185242,-1.093525394940742,0.13459244739706921,0.09595329170534939,0.3907390863256701,0.9578418058949802,14.022135628388728,2.151616229234084,0.5913607576883511,0.46171806178455377,0.4661654173091563
2.09794979373446e-06,1.7462462116590836,1.4836091659458281,0.8122715673605331,1.697117908569,1.3204180484269779,1.2988122107522257,3.8691775406761946,2.7282383322302213,3.08310828201672,-2.382005120009272,-1.1623447167074668,-2.8251689447027903,-2.1347549903554706,-0.2906590147688859,0.7742814127588664,-0.2211199943510631,0.7879581329517906,-1.2424923143744877,1.657639607123847,3.233717280134566,3.9997685037734407,3.998659049252585,0.5449411729314527,2.5981621474364953,1.40589492116791,1.6485987337466876,0.07081633851060005,0.36680133974936613,1.2981313442084268,2.568623426192471,-1.8617627858693382,2.612854586854927,-0.6525986344656904,3.0534080090945706,-0.030433424924837915,-2.6021679650112595,0.013195132398741372,0.11781217717683035,0.3750985404440925,7.121265734147933,12.961121516869152,0.8979294297632237,0.6780511880026099,0.5137939571812868,0.5135753120257682
2.0448941051710437e-06,2.579855128321162,1.1209192258093885,1.4668930427839446,2.8892577724489827,3.7833452787735946,1.5337862848850325,0.08892748774280679,2.4452526129435395,0.06316489117226112,0.5153434352000632,2.339594132327556,2.3246156579333697,-1.3961647827136536,-0.6051105017967302,0.4219886790782774,3.1402658398529946,-0.6756231989640864,-1.8960462046134543,3.896674369870986,2.700963728449605,0.9009962335319074,0.7933532409339902,0.09689121207644766,2.5568226567171637,3.2493042326007857,2.7789653452520384,1.3580584787000731,-1.9717559368990543,1.0762762282797436,0.7195256673522823,2.8986073345893937,-1.6961879886032452,-0.008281904956575659,-0.20108667137239733,2.4631791287310207,0.2159046498889765,0.2128980515639114,0.15667124189401793,0.4367752410817731,0.5338135193618507,6.572146032236663,0.4028054712086897,0.4353968372308836,0.33705178640558486,0.4287931347943532
3.8640055371671796e-05,1.3054776763263307,0.015129926564137808,2.2774097371278477,3.6429312993496112,3.8958128240025975,3.8447405578433913,3.385238016134932,0.9694889164590726,2.0491168579109615,-1.7025281719492462,-1.6062497800295161,-0.885902442658629,2.6672407453014237,1.9229737244331826,2.51172732893233,-1.8308176406023529,2.4529336494751597,-1.2238003112234228,3.4781071137747555,2.8433793046731126,2.658679363968185,2.9053731146741053,3.9971114242135224,1.9377548985787212,3.4422099236339774,3.4175778900019735,3.0478020157317065,-1.2786059058347312,-1.8129278495946113,1.185905518486802,1.7429212637441793,0.1509828046944941,2.17027988474132,-1.5425016171894887,2.962441683459379,2.6665616219474044,0.10030119002403559,0.1571361278045007,0.3556661201847273,30.713905261555702,0.24977741350798066,0.8196662519233753,0.44460449653945666,0.34634956550147855,0.5684429970862697
0.00012262561911538498,1.457460049492011,1.0804278184729834,1.207806857841999,2.603976882652622,3.787482346829957,1.926480493757198,3.637423415438633,1.4019673330506206,0.3460732838666916,1.6974787059628564,-2.176723877574477,-1.3952084079505664,-2.477615404715731,2.785179823611445,-0.4614765402268697,1.3096191349848665,2.405785257667464,-0.8903173576279833,1.2448020452405084,0.16200710668975343,2.2657047590650503,0.23343317548382864,0.6882673777816696,1.6041189682367463,2.2459838989021583,3.7364845432559832,3.999997834010188,1.8460478016206903,2.395782638053978,-3.09837982205764,2.512690400418178,-2.041591793571645,0.8676703377025383,-3.064068157185985,-2.510951816453833,1.7921296478076396,-0.1086958547171184,0.2546770695577223,-0.05119042610188096,982.8468754222087,0.4447254614977334,495.80475370058383,200.97245292206645,1.0292906849619659,3.6982527693928287
0.00010409739624457257,1.9661119839852503,3.609973723240564,3.74335094350758,3.724255988987175,0.910170910985199,0.1088848893504805,0.5503024578927145,1.9768064807722738,2.786985638689395,-0.4215244377560019,0.2981831466674878,2.9479665118652036,1.2242739412526724,2.894635254963756,-2.439999639246198,-0.5420283107590929,-0.4611988567434655,2.422083036382009,2.5582502317813,0.9760330849399369,0.05308783972560146,3.641376671017371,3.1168236175690596,2.040088445031413,1.740263151806226,2.6903232758359006,3.703670946056372,2.8243346811704058,-1.3605150022029058,-1.459736253943597,1.9343829138040922,-1.6644580298899119,-2.098338649097384,0.2852646487003878,-2.354688206210937,3.098467686999154,0.37048042498498024,0.13402480102586178,0.028234885909452778,0.9525303298168826,17.55515445795977,0.3821449201418998,0.559051303040305,0.5739318149140686,0.5171821812910062
4.882660181123198e-06,3.999964878687899,3.5916640312649313,1.37265097111196,2.9894205960512923,1.1229512361902885,0.028180137433498127,3.9732976106267746,3.08969158649124,3.24647992060173,2.9701281145402616,-0.8270635231559473,2.3412052450393963,1.1739743983111985,2.434709392285759,-3.141592519395492,-3.1415720913697327,2.3462164154025453,-2.288666956629338,3.999650756399472,3.964112712795194,3.7897207955159886,1.4856123134188888,3.2317032449551473,2.023697179995356,0.9981931213080091,1.1061594010753812,0.012902549411379853,1.262149954270475,-1.2330373265150245,2.1299496364634596,-1.90121571241485,1.4698491415468435,1.409425075161029,0.5868010114079012,-2.396214554940007,-0.794471749860187,-0.14621543760911315,0.020661472064958275,0.24469988876924909,0.44772001607212086,965.8210626904284,245.3474043347901,25.820983515868335,1.8890745716038895,5.281379010239883
9.891692940311132e-05,3.9961782540568196,1.7662971345807543,1.4179104486067429,2.440614310304861,2.1421826992245925,3.851367422309845,0.4743630926591569,1.2422908454841142,1.967888598413502,-1.1678181342069516,-2.76918845619662,-1.061763734909353,0.793808306809352,2.753371835587356,-2.796324145081594,0.3646353743912587,0.5617178518226251,1.604170900055582,2.7621072730599208,1.1171467118279181,1.5298376746235645,1.63594191503818,0.466594834170044,3.742025031563877,0.4493466020618418,0.5497654027001402,1.135118309348031,-1.3142423825714884,1.623932160921525,-1.374334747483152,-0.31982318372790974,0.1727952852692236,3.031257960826583,-2.7995614222550884,-2.955606792351713,-0.5172891305393925,0.13577042259008731,0.06711503202340285,0.4511214076840142,0.7691190515498141,1.1124875113481068,6.855420443173022,0.7419357336406325,0.4191900542951199,0.434542440771863
0.00025145391334254727,3.998017055320552,3.990187369248953,3.98715479614032,1.6114066167790728,1.2330623827117064,0.5105174386827518,2.205702848955703,2.5888719368682938,3.6574538271055985,-1.576657778239796,-1.8494092418977999,-2.3363190224450845,0.7078374460261845,1.1589665243013085,0.5787887526688009,-0.08827856809980261,2.5227878719374184,3.1172881131224957,1.9802350504740032,2.4838365916224783,0.3581729414848784,2.1421082994092027,0.023593992560315157,3.235753605441323,3.234464642821151,2.645185984628389,3.7295067103961013,0.9898552120101476,-0.24906201164971264,2.2803067124762224,1.5040187046532756,-0.24331158225222937,-0.09857828735051566,0.7572925178372221,-0.0944490485378533,-0.4129923768304473,0.029160251295994755,0.17977810403437733,0.35866775846948595,0.6722355831683435,47.72551009009193,0.5325712623146739,0.5024669067697403,0.5328877609198788,0.4397988086264517
0.00013455605728211666,3.996190341410968,1.783166398028646,0.49702043104888105,3.7334655428132884,1.6020080996836337,0.3167441766395316,3.9343877833922547,0.9348238315250909,0.046157575062884544,1.123842334738896,-3.1196858881979743,-1.1034860351806173,-1.4300644588096483,-0.08864225872657494,0.6641175310494756,-3.11898931700362,3.1159026110163683,-1.6016113206658285,0.9043743722087656,2.207361898844111,0.22741707427412575,3.586892830672846,3.9918315859214646,0.9296299618267652,2.1154560915331078,3.567218832971342,2.3931698222325033,3.14105438406025,-3.079253476300183,-1.5900646922046395,-1.4126396172687576,-2.137112456567097,-1.991340078311897,2.2186956745854864,3.1106273484904996,-1.6385389903470609,0.3670499550669106,0.11083601203499605,-0.03289783167383309,15.57941488197622,0.40300992597402807,28.970749220765292,0.4590089043105934,0.5993724529250191,1.6554828890015036
0.00011130714948008125,2.0445959738065467,3.715169457581914,3.6926717806588316,3.5482952587525123,1.2889543243075332,1.2499700729415482,3.982357614535319,2.35984362504349,1.8398343830408492,-2.802857231637263,-3.120953513240765,1.1251282941090306,-1.3453791195357288,-2.275178072336505,1.3596131060113468,-3.1238428015396473,-2.5756382124340638,1.983449522359229,0.7468301664927186,2.7182202316989095,1.888611944898893,1.127534394363524,0.5511036668869007,0.3857049334342097,3.1522862151239934,2.980477298053055,1.004456163029455,-3.0804627030673357,1.856348715335514,-1.3797752225409579,-0.5696416495659955,-2.023344570762678,2.0118274677094865,0.17107138742091887,1.6363075350214835,1.0828676026965418,-0.03391602645269742,0.3822378395620758,0.08149290238212359,0.6579427600044667,6.355833442338504,94.76838338802004,0.4372257100880974,1.4151033839515428,1.0142839245976685
1.3569845644261059e-05,3.1606368649046854,3.595235026583445,2.5159228939466822,3.896025722258524,3.5167370939096165,1.0038178896439485,0.26480192136455455,1.3385595616280175,0.4420143517677748,-2.1619686636085373,-1.268378549579956,1.8265659408336044,2.9301181133179073,1.7894038525818399,0.9957777029584207,-0.49311735991064864,-0.07352481382351739,2.7859548630142177,3.9764995500411566,3.9999203310371088,2.573481025453814,3.975312986291176,3.9996623215504217,1.8063724066589997,1.4929297066106895,1.038468552523147,0.17071238609068357,2.3968277804959977,-2.8776722660686187,-0.4662992565516304,-2.792369182584654,0.7241936906356834,-0.767750597828186,-0.08925451160353903,3.074012732830501,1.1222189763107489,-0.014960841967536886,0.08658027423885617,0.4246087635803848,0.5097364475632462,27.47693681574387,6.691776359757231,0.48092654317860895,0.43026715970953866,2.7373824208335256
0.00012511698493204265,2.1950452646635297,0.5025985127368244,2.454379825956131,2.026742114116806,3.8172717911511667,0.9648030418692722,0.04771961157229735,1.558839072490836,3.9098799291993123,-2.2364503300424348,1.1929080335508733,2.6770084454559644,-3.057553693542471,-1.2860300977154984,-2.6255209525702488,-3.1150312109563894,2.8379386946221796,-2.0207815687081574,3.3186751776177035,3.998620800935406,2.4800148462580367,0.012420234726298753,3.5765362667334455,2.7510481308001724,0.09119123488812628,3.6735701630433537,2.0670146227134154,-2.5270269576586517,-2.8348455628714366,-2.197238047845103,2.7645091137509192,0.323566900728931,-0.6244995506955702,2.962868483747676,-2.5380320238080003,2.582856252581977,0.3532267429730629,0.1424143311839403,0.07620117596075371,78.2105021123991,0.7637423571630508,0.2188471872633384,0.521263901473688,0.46885082914024956,0.5082891715202624
7.268362938026811e-06,2.7000477366870888,0.9505214222144988,1.4119828195078088,3.9999878139955025,1.3488146373796657,2.0494469586887245,3.973056021329011,1.3400386703429203,1.3464863884221965,0.4496200152138443,1.8848252126927996,-3.1393626745409913,-2.217180238037869,-0.6261297398572889,0.4697516576913716,1.9931460026010681,2.907531363404641,0.7356031196137378,1.7955233525002716,3.349808463297371,3.994076168642905,3.999996080441546,3.7856580191295794,3.975339583462937,1.0820337256240553,2.892518199348947,1.1519890706929674,1.4880409564444843,-0.8166055417829332,-1.5162553613484844,-0.699998219048914,-2.94659096891933,0.282553251524885,-0.5961790347172844,-3.0577552046420067,-2.971278669358844,0.07640148981182637,-0.05405697375693119,0.3148386674398571,0.5174600584972229,675.9120172658005,7.48115209819543,0.5693652442553088,0.7619903160393982,0.892284003585476
3.628366954785623e-05,3.183403230585303,1.2411097639868018,0.4208531111523501,0.09952928031473467,2.5483003242001687,0.8584026210958811,3.9871656256183714,2.85319066857934,0.8412930962311994,-0.9572164199726849,0.9577441717094928,2.9559208552967506,-2.099726591753905,2.702042189758556,-2.4685341056260013,-0.5682002803634165,-1.831842904055269,-0.9694845080763015,3.386492771210906,3.877431735336794,3.617298934537146,2.355747511169025,3.985660111621037,3.5276969314430016,0.9916517022232725,2.7108695324862153,1.0508767332860751,2.010602833030121,-2.7900825263624247,3.135784678243552,-2.2387723624378117,2.9922321332075414,-0.9523575284982821,1.0142610603254392,1.5117223634042967,-3.1149961253414613,0.06396427592833742,-0.026902932444953898,0.32314373186741907,0.36106881136182434,49.25959977707298,774.8731645993341,2.0187028161230938,0.555564399498242,0.6763803569196156
3.6474653159020884e-05,2.4430475129411864,3.999999996328919,3.9976503337819813,1.235819921233257,0.011010880564285092,3.9715096831043386,0.6573324525174319,0.013353971819683858,2.1617269570286926,-2.886743754823366,0.7355673001495,0.5018835587518824,-1.96317643770163,-3.101874648525238,-1.8668905422871522,2.1712551438869117,-0.895542925008618,2.450512249905916,1.4196317849043028,1.2140859018777606,1.3970807065970896,3.8101050691157807,3.863734874680921,2.1614964824022276,2.2235692811730106,2.333292978697656,2.199668248816857,1.897219568548862,-1.700395356223991,-0.5482668956778043,-1.5154772291719034,-2.5731886449268826,3.141592517603425,2.978158193039082,-1.5577615121520656,-0.3485891826208838,0.2528591535994922,-0.13091176016747497,0.03728501540935003,982.6495604512108,197.53917794846654,0.9571656991640509,5.822394855553155,5.872949675469654,1.495291952523619
7.229108930344032e-05,0.03408647595453348,2.4313340673193706,1.2656677864173922,2.673253380601093,3.2020188840873973,0.9642531923073845,1.4781886638074173,1.2209540526846157,0.1795512623174228,-2.3124219185409864,-0.7451252758844102,-2.89554598223426,-1.9904999944130783,-1.3863710602743171,-2.466162732354489,0.29698653062539915,0.027354332612005816,3.1395601963771087,0.028155810952094226,3.242991805315829,0.14644048903387502,3.801227318871312,2.8049231145886573,0.07166379649747796,0.4811765352667156,0.42731981938094815,0.4996912985963913,-2.0661655158327523,1.3529307423477617,-2.553175487898706,2.4681072544159433,2.530064149500956,-1.0620878873723538,-0.584435883468716,-0.9184036434686544,1.3206889480438155,0.12099585559080772,0.017761342838132244,0.452015820735129,1.5276970132261223,15.818063697368014,0.4284682720586055,0.567593516530505,0.7138541921220218,0.42150636937904373
2.10307692761589,0.6749508175293756,0.16391461253828035,0.05429566216422052,1.6265538580065975,1.8577791813303197,1.2837674793458307,0.02193098584021098,0.5102178774991525,0.5200249732095629,-0.6472751234242908,3.1296170094165445,-3.097981832771958,2.504125568032485,0.40250893733418414,2.915638565570224,0.8231560417312886,1.4617968420764882,-1.9344575598184302,0.3265244400812565,2.3504588446036587,0.843251493911695,0.39535150419732007,3.7000153981514075,0.1359212888880253,2.338911840904255,3.999945039326108,3.9900934272358572,-2.9288325638293555,1.7751906031270117,-0.8103573092118075,0.6257541553516726,-1.6468049878032143,1.5233057336340314,1.2886389681438146,-3.1174910793116473,-1.801839512256899,0.2645312557735586,0.45391645667026737,0.03221251153128968,0.40956006056558003,5.814297142238141,3.9828942645982064,0.6976495644403009,0.38581308353346877,0.3986311870338435
0.0001691901285057574,1.0815832869576358,1.9496757016609538,0.7453059872808567,1.146749588182602,2.978837193384978,2.321538274328535,0.4350147310359454,0.6382621619962543,3.9525303450449445,0.8693606432041809,2.466778355684446,1.5595441305324815,-1.6026934598627596,-0.018791601282218018,3.0025900403528896,1.0489155754912316,-2.257068071401945,-2.554742921734942,3.322114646255971,1.144860313407432,0.18557442312078792,2.901146464572667,2.8960145478383974,0.455351127624198,1.7932303778816057,2.2151853525437777,1.2885429724823079,-3.131660382499313,0.05150483839642028,2.6271194523428427,2.2979251486915375,-0.5054445653430797,-2.8594357768027554,2.150702015224229,2.36755420469402,-1.6126612128125035,0.05521128586707036,0.2523742114419276,-0.09862938221181938,828.995095869348,910.2000083834254,0.38672268537894894,2.1532331186564093,0.5881949961177106,30.649578857212695
2.9431716691840054e-05,1.775469553811156,0.13947735261409727,0.9455496937989815,0.8939222401602691,2.3147812572860356,1.787826351935763,2.287275494616419,3.9708198359735674,2.2262907652396047,2.1883597801140215,2.8145255491684047,-1.0495198969993358,-2.887267486532222,2.9175166945626607,2.9639825047677304,-2.8387234112054633,-0.579625497766417,1.5906211964995807,2.1097404519101253,2.519288854962036,1.9929556877912555,3.8222039555037255,2.6817131517435784,3.999299939798574,2.0347580572484065,0.886265617720651,1.8043322338499965,-0.8798976568607642,0.3428965227830174,-2.4408784785902125,2.029863264418279,0.3810680002170579,1.5134177575823404,-2.3506527269178457,1.6532891285718447,-2.3338327814464384,0.014650646613975304,0.12048369822217886,0.3843095891254311,2.9788852496317926,0.2655649606947055,28.110793918442816,0.40764053344883067,0.7002675112200043,0.5411255769753707
6.190366068937946e-05,0.5566445535458696,2.0345040841067767,3.997142494315224,0.05177857790565111,3.94262745748607,3.925221755929382,1.5016238890935187,3.9896805996779228,3.99947268330027,0.14158681335523493,-0.8498397515981737,2.621825752990853,1.097130632881269,2.191257082652645,2.630084099665792,-0.3160980218965497,2.3922006207981727,-0.44512959860606394,2.867062046067329,0.015917024950551733,2.880791479316433,3.196184298015739,0.9562814790380552,2.618004737309955,2.5514341836307852,3.2429986305851854,1.4164648726694378,1.1468878975444268,-2.6286887461831627,-0.9376104004313932,0.2907769359182839,0.9697539680258771,0.7182275364417183,-1.3617960368904578,-1.2228771238447873,0.12785729338056884,0.014764123193473644,0.14485177073643118,0.3569931578341059,2.189775875630853,21.262371594563497,0.23935149405103395,0.4789597874425784,0.3793802227833263,0.814367194962478
1.1572192968316482e-05,1.435515735558738,1.2716824869597718,0.2326565242181446,1.5844051430113362,0.15395254977895215,0.7661058534695243,3.7939203848479575,3.9998911204228547,1.3976416564766148,-2.6852970682068524,-2.994900246526816,1.8268450860624235,-2.5837748282270665,-1.938356380338882,2.6762056536785597,0.10096224503034978,-1.2275114961596867,0.08382677792932913,1.997396934873987,3.622116689695139,0.38129901289008655,3.1851229729953867,3.2272975736458167,2.0069656378627556,1.4736933407042683,2.6840504747741325,1.1026915676839304,-2.339087138039851,0.05284906254352606,-1.0736698550535957,-0.608127884813507,0.6001259779501011,-1.0645454114037025,1.4420810587704285,3.0343181175232266,1.9011585038446652,0.058012092489616585,0.1584729136577785,0.37471904206863016,1.22125124461334,0.41803470209336613,96.40599758554328,0.4949749614002821,0.4837975112031536,0.7092672119707348
1.8707931534644356e-05,1.063244425644142,0.1123477885760182,2.2129154407575564,1.6388953169288654,0.11409166618608393,3.025029091294803,1.9568124523629926,0.032806066144346835,2.1545298300171587,0.6711088712451923,1.589209873984787,-1.8380886147723243,1.7233682336844351,-0.023288124886613026,2.857906746366388,1.866950335960163,-0.3506380898999577,0.9048984390649286,1.303449385287494,0.6730672354304826,3.1608802844577664,3.6574622876419403,0.6598976795358724,3.9133850312880525,2.7871029905815106,1.1042723020218255,2.614567957635745,-2.4019411816101965,-1.1673656136742196,-3.1071503683021033,-1.1953248562793046,-2.0856620140640425,2.1606786422076043,-0.9864489492901987,0.5341594831004883,-0.8098020074966521,0.06200102560541687,0.0984700439466657,0.3252963238713855,1.6291591618047088,0.5026721990250493,189.70521744963872,0.5847024673686336,1.5630871102265784,0.4254543512376099
5.320356848447712e-05,2.21657711652131,2.0625829166027008,1.3647219176913379,0.8955799315086308,1.97981139018873,1.8135379313993292,3.8620099898217237,0.033557736123020813,0.8600142980637778,2.1685667314103023,-2.0807593252347907,2.173757546405316,1.6464583793995349,1.467074794008533,-0.5227418024696155,-3.141592506906082,1.3062194837473688,-2.3854915542951862,2.5063790095858156,0.2674554258586131,0.24087555832556748,1.674662957003044,1.4582586221600264,2.3358550576418304,3.9402271380278084,2.871971928492997,3.2047560550467487,0.08532572087467338,3.005470777204235,-1.9335857129833014,1.4776858713689993,2.453287733403368,0.3154240618251394,-3.101031427335829,1.063848928674111,-1.371243414726092,0.07266865442105352,0.27415828119615604,-0.07649029855297407,0.34026224801437177,997.4470288627161,180.2953428956966,1.2519620763959152,1.3170294807564717,1.6816909434830158
0.0001497465812039291,1.7454181754831015,2.1435130056896536,3.4839923967379125,3.1024713348468795,3.1686225376702146,0.02700233303673357,2.303856166140737,2.2209924575551385,3.6434789535807317,0.666393892482176,-1.507550554965708,0.9969023824922862,-1.0143354506283813,2.7881959747931893,-0.6859474948066371,-2.356702235374407,1.1613607918278888,-2.6834008987630478,3.9794182832570777,3.3029049082315054,2.731639090794026,2.2022079312171274,3.989889025655355,1.4472063761652119,3.4683794050739274,3.5494984752078893,0.7803221929603976,-0.9562268788453951,-1.9720631407558724,-2.1189421313135295,-0.9602401666207703,2.724688937146274,-0.36814758774203815,-0.7335437687155926,-1.840402291086883,-1.365074589320137,0.03398765535410586,-0.07012520157569124,0.27703699820733085,129.49797715672128,693.2747499238682,0.3667414694511528,0.9045527606591994,0.6126057102175055,5.528691049661704
2.1509288621043162e-05,0.03098592729348658,0.048557157518818214,1.9940482663722294,1.0755855146467403,3.9895809436430887,0.3597659457477521,1.8770165179358882,0.787712202723801,2.6691892580368695,-1.7098174766398737,0.8837482154291365,-0.6991793409481231,1.539480982323087,-2.824360179317469,2.084175507944919,0.5708017151929741,2.545617851403242,-3.0364841284496937,0.2792581728980611,0.5822237598538927,3.8556238839267403,3.300637428073325,3.807623752629013,2.3681796569194193,1.3779955276460547,2.544389238929313,1.3392530983760784,-0.34345056459761913,1.878501255084955,0.7731262303468456,-0.5240073039349071,-1.7556525674804606,2.9565829548298845,-2.0559974868417967,3.0764047892291426,1.9806805252400448,0.028473138132850018,-0.042471937120071246,0.2751547332399005,106.66110953242435,0.36068875884271456,560.0204880104492,1.1043306186487758,0.8322292522043355,4.213073068207342
0.00022944755951708335,2.524892848029832,3.7639719071902125,0.7125606142491543,3.5851917259502635,3.998775068046037,3.989732817469708,0.718341102371654,1.4858667281701083,0.03972634032629807,2.5274528980502415,2.7015875317942797,1.663469240971442,1.3572918980890263,-0.6948366038771758,0.2802428941863311,1.5122101347929329,1.944114749700777,-0.4750606805416342,2.1330650585772295,1.0017892280940506,3.993426018875161,3.923705746976775,3.784373602299065,3.9276133067207657,2.7342086181478513,0.3932027764425538,2.630382704694368,1.1904036138157723,2.216321177446649,-2.225081117477899,-3.0843378270347244,2.7507837422534296,-1.329981718284086,-1.1104594370706473,1.4270811288383607,-0.30598132754003027,0.03221270402988807,0.06715325950586237,0.4007537607795655,1.5939265745402063,42.88572019368396,1.8762283912946165,0.40264562174847995,1.5733452108440682,0.4170599504099268
1.4827786213611496e-05,0.20314723350281425,3.9850852437079842,2.955242418035315,0.2259368798081096,2.56589787883976,0.4995123001746026,0.7978810956562387,3.979621725800495,2.867177548784176,-0.9433102799481698,2.5794876240195768,2.6522984477491276,-2.4585164848124887,-2.460382025735182,-2.0818345191005427,-3.0205306933918408,1.9174882950052456,0.9910332201194363,3.8915464667172426,2.075041512925305,3.2856142837269195,3.698941020987845,1.4880561626829831,2.3190528413127107,3.999989706105191,3.237895597671022,1.3252757056965083,2.3308737257524017,1.9267377911556878,2.4251200649593265,3.0374926321867113,-2.6248815358825057,-1.467123405928759,-3.134406902994835,-2.8417988731818276,-1.074856009823351,0.144861970725648,0.15947357156131936,0.40397903800536294,129.4871306774654,0.28949808130422294,0.9884097588352292,0.2795261080773459,0.42044001414603116,0.5801222093772314
0.00037064493606690655,1.941037169277241,2.5757626371721387,2.150921242833529,1.962185215436176,0.25179636064882377,0.8293114633241004,2.623206652589348,1.0372156587596293,1.5595636626238036,1.4700687493839943,-1.7007691894963939,-2.3413553761320953,-2.4445481674178224,-2.9520783612455186,-0.8307697210261025,-2.809163848208309,-2.6423024072471444,-1.7556127913707684,0.264536828972526,3.8833406668659833,1.9871212031321803,1.0499037431522704,3.999806611823138,2.6996764130711646,1.751150946546869,2.251788431503579,3.550171995582566,2.502520126306001,-2.49853434811929,-0.9343464114574038,2.241816666570206,1.9967131092848271,-0.20648846209943938,-1.778599482212298,1.8584402254562358,2.411653952602302,0.3570151950114768,0.011232984270710844,0.1264333055579403,1.3976339585331692,0.4647854268049576,72.00978368984767,0.5207723097603862,0.4977886342964464,0.5898580446802084
0.00012297574063232632,3.045414216113342,0.5103722422661596,1.513850302261756,3.414007681131123,1.4851989004538524,0.11801465049582233,2.3100305264538767,1.5907507745120097,2.7212004634703897,0.8360034383183774,1.9570148925884139,1.2017203426028704,-0.4179271845707664,1.8518932562624544,3.1415902455594225,0.12200968726850858,0.5811325328450674,0.9724138694247424,2.0049809654618906,3.9975237243994175,0.5427038371584716,3.999177913395386,2.8791962915051243,3.420660252249782,1.825380597720052,1.6135663628067716,1.1432550488312259,-2.1321115586200525,1.7309159914934469,-1.5161773415510431,2.7760279333238778,1.855802190385437,0.34590941890246674,1.2122376130400232,-0.7843571171854484,-0.4499472127247337,0.030444589797935073,0.12251819977653255,0.37308325570757717,0.735408278398765,2.959442019910835,27.5181598875037,0.5295382300112772,0.4501830420385726,0.7299216242253381
4.5927033801361134e-05,1.4541154111121917,3.362552449267691,0.1017967077847452,0.36256649576169,3.999930671359347,2.271219913188928,3.542292219305349,0.8606527896636073,2.3669540179166817,3.1414400440911443,3.141592508246763,-2.9798586980242168,-0.2660951356668404,1.9918388400815363,0.12326904913548598,2.1280924127466756,0.2507059939461702,-2.7171655835357496,1.3993552588391631,0.4590651831619812,1.4007894044523985,2.1610330618202496,3.947370076165299,3.995550083141133,0.3502378036281878,1.4612655314426921,0.9976473558172251,-0.08482670544431103,1.0724847144852712,-2.4679508150515606,1.7995067233290918,0.32475949636316326,3.0448935995459623,0.1465733269563989,2.261926273924974,-1.7130834893828768,0.15576238245597462,-0.027570436737295978,0.3785566755519367,1.905280735084947,0.33081914978181626,28.93184446988944,0.7051764940788345,0.43882097150684274,0.8648982732183628
3.2012528261629013e-06,3.246941375770183,0.41879230206898244,1.394573175778883,3.9998818467109705,2.3148697877705167,1.0215211311696193,2.721109778163806,2.5580845771768943,2.4175159992537734,-2.8817130892108684,0.08665102357141086,1.5170190296669848,2.055342809473718,0.0687956317525602,1.864679786658729,-1.7870020074591009,-1.9884964915707057,0.9810446638116872,3.987288365439549,2.9256864415762065,2.2657893933456714,0.8506886323830096,2.407302966030569,2.3134510714333585,3.524251111016952,2.583871275281919,1.2479644282543452,-2.5027127086230703,-0.18689704719292077,-1.0272276319326328,-0.17059480053767917,-2.530807718685427,-1.9960534633957838,2.9088953661911123,-1.0926670582194298,0.3959823251119201,0.18402960185040396,0.11070578138957021,0.4267351092320517,0.4548701720199926,7.334508147572601,0.8579763268809888,0.3281204215346545,0.37718659350246675,0.5514221707360658
0.0001599126928246335,1.528390718616481,1.2703250998823228,1.3945059193249982,1.831201547106734,2.5797512409692582,0.8387780859305467,2.7117357932323345,3.2955190572148814,0.8346768799366479,3.046046776920373,1.3282672133860558,-2.231810460604244,0.637823512138076,-0.23810764380889848,2.016228936976078,-3.0691229095654697,3.1101480083053312,3.1401811435782934,3.20196582490653,1.34700582120326,2.3596884268693263,1.6589494003696668,3.3596493446558244,1.1443883584629724,3.9963629268019876,0.8240850736435226,3.6781791349959345,0.14470497706020558,-0.04403846243261755,0.4698622505746748,-2.567190765183347,1.2599782487587445,1.455651174057123,-0.5863284856649544,0.1728515655995584,0.24124253175060417,0.1352964546917237,-0.02908708317902864,0.33357194935844703,0.9812547480843952,63.01087038689751,1.7083800180607893,0.514646293359454,1.0072808744266055,0.5351681225236566
8.728771839197588e-05,0.18211248207637504,2.875381840963808,2.044873776218747,3.9073638668652495,2.520400581485044,1.127040327453107,0.5511222258749164,0.1281037294363173,2.4463453714792496,-2.6815888266663417,0.5309683197661621,-2.7739544899193143,-2.832606576466517,0.9327064180712004,-1.620492101725661,2.9250575199654403,3.125757012234427,-0.3651727244074552,0.19068004358321422,2.6588160549010644,0.50980352625853,3.516841762954584,3.377028514664285,3.1690351991592,2.933153192115552,2.7270430720572025,2.612070519992173,-2.424068035481764,-2.5212082152789734,2.4896897630919934,3.126639691217709,-2.962683962681395,-0.6255136734775872,0.9011266930519861,2.3431053528734385,-1.9422289111099755,0.4020192008561212,0.1791896811011462,0.06588980506118958,0.2039093467546076,0.8695832132650807,21.507146659163613,0.3928888064554261,0.5039147156921704,0.42775950796116113
4.519875871507185e-05,0.660964686343245,0.44416525929472034,2.146807110077643,1.2748575343127084,3.286312141408803,3.8852651375903897,1.0434504324854084,2.580657618300756,0.14197061509702585,-1.164681582866137,2.6453354116917165,2.8575191069482058,-0.5421397498223497,-1.172314959783567,-0.16691848025289735,1.648585176369183,1.1983580672324958,-2.8105821338610006,0.023890075442870203,2.7965137260305286,3.9241486182923815,3.920171807713621,1.0716511192749434,2.2233164516769,2.1012294329325996,0.6872009787244394,0.27667403446779565,0.4435400364477142,1.444717474367514,-3.061058981779108,-3.1122148162735677,0.116120048492101,-2.852607660398448,1.597004531165462,2.8987450794852503,0.07140645686806835,0.051570116092035434,-0.029048211290810144,0.3142771211214104,956.0681308077728,31.6792406102157,0.34199653831155885,0.6110790212684813,5.466145147695798,0.5440226397854566
6.876023164127658e-05,0.027040888048439293,1.1476600780153194,3.744827234835437,0.7920426310521469,2.952664744743984,0.048150635908807034,0.15123585295213918,0.9180122821701002,2.758036056305761,3.140906187955113,2.465026681941451,2.089979164100603,-1.6388269644399776,-2.5541805033588334,-3.127421206445588,0.16420747694807014,0.3146601899963777,0.6494742856154732,1.6233363425465661,3.957719701095245,3.9833534513028654,3.9638086631671428,3.998499770635156,3.9856237367740066,1.3507635916897847,1.9150467515212801,3.4289861060959788,3.0371368360749464,-0.8057026856428604,-2.2128397318521413,-0.7525150160274987,0.6060480414335574,-3.115819515660528,2.9853455970223903,-1.9567698611932478,2.367515570800988,0.21287979801263202,0.030486900259705685,0.4576923570906235,948.8181898762755,0.8333241619791707,0.3359407599417059,0.4126636630112328,0.44137752268926,0.376407272199776
6.397265061903334e-06,3.9944297026702014,2.4000133123738974,2.731604636707874,0.6677596479729588,0.05546216805858864,0.8931165593925835,1.803328470512857,1.4482998507997935,3.8505971625389024,-1.490485810841546,2.3938728775954363,-2.186074368934097,-2.765878733014527,-1.5074424416196377,-2.1671418063340377,2.2922864331724906,0.6598137094749075,1.5683557041418865,3.8045783730281757,0.037078310350216914,3.993884228127484,0.6372354175409036,1.5683463640858302,0.5404105622122226,2.3057040008212155,2.03118894121465,0.5122069937685696,-2.496968533002788,2.0789902527562933,2.0530902282581165,-0.3685406074290296,1.3840818416995395,2.855846494870854,-2.521753907125067,-2.1535617839533074,0.3215150067031969,-0.054339830464749106,0.16776105526731655,0.35974021914902377,91.97207425923096,5.511601471264626,0.4360797017941689,0.43158375243351177,0.600202600957668,1.4445606295096924
2.7833530690944185e-05,0.701315040660825,2.2382179654381664,1.1218649160723024,1.0975100048624338,3.9973617816136953,1.5077828271223714,2.9956814829805434,3.074829148300211,2.1649434137551253,0.34554499317068776,3.1211579195785344,-1.2625821237220776,-2.5131412991475806,-3.0495019622399653,-0.8475514276903326,-1.7679583236520748,0.0673517308485283,2.228481854674121,0.8579453898809726,1.8897282484274642,3.3837324025103825,3.2228635277766697,3.706487552275256,3.377573356115844,1.5296086948571783,1.9209229433177812,0.9480147653291701,-1.7283045418696446,-1.5339976907478017,-2.728544209689386,1.2954181322816956,-1.0068732238789737,-2.979366766627747,-1.8861436028358416,2.838812430286067,1.2364119870087356,0.05441958823120352,0.13852768673665583,0.39167992145794805,1.0435635837048531,0.44922716840776467,25.347303050083948,0.45766815048095566,0.505305061621292,0.6556590661536044
0.00016539477378710202,3.5782495443403137,1.0670411852632582,0.5527725855625191,3.5896845974632563,3.094781302727313,0.016683261430624166,2.3195283734200243,0.42988774064677227,1.0744671956692813,0.9079179349606239,1.0670328989604654,2.85162330560601,-1.2693335792240374,-0.6456003459348674,1.103333756649815,1.2452084592123267,0.24498241373267904,-3.0304044412676765,0.23426000574994432,2.618432007168776,1.658455044234215,1.4359919988086502,0.014573076482813873,1.971810473170046,0.3527325814391431,3.933372029204627,3.953344495464953,0.36818694968179555,1.7049069274698896,-1.0622806017538617,1.0669043019143718,-1.6270913418130324,2.4931802459173467,1.0206595468900872,1.4974159713110966,-1.3890155454079003,0.38412258138201416,-0.03123646177852102,0.1560212121982243,1.0484212517461389,126.62604285720732,0.38881353333020297,1.7396399937950582,0.45687448458547575,0.5662656374045492
0.00010272048727417598,2.6944888484120932,0.6153331262290814,2.3771383034695655,3.9956611633784265,1.8721713707022853,0.8030383213069626,3.9681397093124877,2.6279511167012664,2.606328653055651,0.48038223087719745,1.885766548312498,0.4102540658289966,3.0438397614994566,-2.1881958843738936,2.274542459177864,2.9963538978637567,-2.378079341010389,0.39277506611346746,1.4794871327922867,3.7645005796675246,0.260906035098688,2.333775420664939,3.9462874673592934,3.874217770103313,3.6432449151394777,2.8136863473127676,1.2888659231049493,2.0621733965279168,-1.7557651971605763,-0.15167235416412428,0.7619013380996837,1.1175804223478965,2.086598421999966,-2.5856150107697244,0.5459989409553097,-1.5439901805741334,0.6544783320006555,0.16149556710945934,0.2828149402431128,0.2714051015599077,0.41569922277842775,0.7823779200189716,0.34491908940209814,0.3107864689127471,0.29302467512498875
0.00010966145583882283,3.908769214380076,1.9984103124191683,1.534081282629419,0.1117382639809419,3.763961055664911,1.7174150244942135,2.735017859663154,1.4079961891749753,0.2539512825889529,-1.863063754598003,0.07590075370092952,-2.0519024321541246,-3.089362266779131,-0.9432952850710961,2.914786511465975,3.0649301176375,2.315265366231573,-0.6358891192514156,3.049549683846532,3.6364590550936398,0.3231191024391768,0.871708180603987,0.9278800135459435,3.2370929628105416,0.3524525222284558,0.8289231147912977,0.7277893280649173,-1.4774135931676988,0.4649506687227838,-3.071162283366485,0.1906772981570506,-0.6441550137705212,1.3086120721509085,-1.552521770107352,-0.4319888987008369,0.535610407094298,0.10519964085014433,0.007575808845461829,0.41317707263175674,0.4212136084503584,34.04493856733149,8.516972492725927,0.6952699995295317,0.6616420547948572,0.5110765842290848
9.770602788457373e-06,3.2974709791286614,0.654733168979402,3.9609760926101334,2.6748704599238113,1.6131409498755762,2.700879962103485,2.7024707417780705,1.5323989436355676,3.999994897785662,0.5766340079827046,-1.1584820061496497,3.1365725880662954,-1.1201534345218476,0.15154889825627693,-2.791231783816439,-1.0210014444359432,0.8496729017445612,-1.0119412902903284,0.053552040201384724,3.974024182115113,1.2167074570641547,3.1688571317483283,0.5055215400265879,3.913921145905303,2.1547365781235013,1.7137072972631207,2.1190629204780564,-1.1017590261349248,-0.29747585334983473,3.1181423514637228,3.0477544762498976,-2.4392268782121787,-1.2955060098141424,-1.398614853528337,0.6063923548696133,1.5539428461163967,-0.008714057080421611,0.14286443699322948,0.3627283858420949,38.72034120433121,0.37360805713760215,0.6560169249106131,0.5393395356201749,0.6274198394963335,0.4327348180634365
4.1904333825268004e-05,1.1673402358723968,0.42256734054957773,3.998095672431912,2.462532138507955,1.5057294971999642,1.821329579122288,1.5048843010808994,1.9609302108943851,0.2943818902095654,-2.1245583683348013,-0.27996739286650385,-2.0000112349609647,2.94423384376758,0.5005720984220781,-2.885543011610014,-3.047313386009158,0.7243340470615354,0.5290621536811981,3.49216637671492,1.0508818999406317,3.1015055514129464,3.660158535240573,1.8670901947618481,2.4614613379496864,3.362648550626625,1.45358530092543,1.0549723722307058,0.2540772316537292,-2.9285191544261955,2.7077978449822284,-0.4519955117321923,2.3504329360697636,1.8585483098657027,1.9503251722341393,-2.0852403007724307,-2.6090036433256536,0.15480565869096452,0.09687711887099049,0.40981270280169646,31.509944621734235,1.3297513387182551,0.22857464065591238,0.4298316325545031,0.4685983788399355,0.5573023146796086
0.00014115457510688198,0.05876203159284635,1.1072768789114382,0.45846034923781354,0.9929844282863027,3.9999689164769543,3.2844202022606277,1.075073118821064,3.999999906425826,0.5611698462059492,0.17768681771805284,-2.110724535240079,-0.9440963473495825,0.34413259400984186,-0.10790584620899946,0.781758990888787,0.5679760012210173,2.9842104459439414,2.4324905097579057,0.7112208185228196,1.3735493632879696,0.49495300344532933,0.2931087137778792,2.611413052356019,0.04606589822841728,3.938007992596502,3.874689218219174,2.3656033930821563,-0.5331804954499328,-0.2155958143897747,0.7472066444005434,1.8203874409480072,2.1971713247694815,2.47827550752047,-3.1389139854616492,-0.6291926765918152,-0.7873739095295487,0.1573900487190647,0.3202191833764809,-0.06266605488414889,933.5158984301659,0.5067308417718692,11.173766613266004,1.089915720135311,0.8391185913430776,0.6107130292305829
1.0208720019233239e-05,1.5388934447899993,3.951164707472533,3.981113512900074,1.3515677289619072,1.6063074116957063,1.5516228121213644,3.3767796467539792,3.886473213938433,2.845659186729243,0.00026356439193930825,0.6999246615822994,0.8123526852194618,0.30988677260844444,2.80866557261964,1.692134358517019,2.642159934633548,2.976947333037484,1.556409391456981,3.891885132724932,3.040319126733097,1.398066698122837,0.8758214565872355,2.4082844914258534,3.8076761038126006,0.021221728421233384,0.5433009756934608,0.6807800703099963,-0.2934456891944728,2.381129602804455,-3.13750072685292,2.7397822123668396,1.2158578570274292,2.8036946115473746,2.4740224791215146,-1.2029494069178261,0.45419476328372266,-0.09938181667019652,0.07650735065881076,0.3746366835465311,7.71634746326146,0.4001471018845093,14.824623956919915,4.042013320580196,0.8928816934271273,1.2229223176939659
0.00023131923199424287,0.7111125815501309,2.759339905320084,3.982537234773943,1.1901607075267708,1.85805829279807,3.8357865398190176,0.6037641051018285,0.752548929032301,2.2223646406338307,2.35062646856208,-2.3884539183706206,-2.959306958166336,-2.8634419126092885,-0.6580668534584082,-0.10973286930674897,-1.670704872954267,-0.9852850435325315,0.8508937978222355,3.842808998726306,1.864384991700023,3.9025363677001557,3.99911629856216,1.6187830093696969,3.998181820913308,1.2527737015449874,0.2082531596249382,2.7263844031862,-2.542274682292004,0.6335444802398764,-0.5711834699045637,0.3014912524147504,2.618262227263495,2.0161047950807314,2.8652183340557205,-0.45686369222136447,-2.345116813508966,0.07371380350427081,0.11824737751542802,0.42640555851535566,127.97666228682692,1.944860821797012,0.20723241836262485,0.5386032797552183,1.1198693044378807,0.3092356587279035
0.00014078695452462138,3.9296848532174806,0.5816923834251772,2.1599867667041854,2.25551116811916,0.16649927062364098,1.9042594841383234,3.8594500952400885,0.5413601112289967,3.999098653657093,3.048468391991947,-0.9655521420901234,2.033793478640608,1.4506324431113766,0.5684787877677748,-2.3555753612319412,-0.2053563374795453,0.4248428437191838,-0.5211016326531506,3.226017224434493,3.996904867040378,2.9893902776667503,2.2701078085575688,2.8655899618652025,2.3033723756825815,3.039875568529597,3.999206248609153,3.698753469537622,-0.7437716044186358,0.4615829922034971,0.4732063387791565,1.1435466832964538,1.7462372172974652,-2.0875956912153564,2.4499436081124975,1.8952585681244543,0.2936441164125494,0.33392094471191314,0.3315740024541398,1.0568128696186658,-0.030439063936650967,2.0074353531598508,0.3107462664954994,0.2885576025727996,0.11062776464272783,0.2342770712056943
1.8276137228804723,3.848401705801937,1.7038561821705978,0.5030645755819881,3.7499782318423303,3.977247086113825,0.2600994545073365,3.6766682076607733,0.03245761458873413,1.2888798161406378,2.385052591023099,-0.6897736461480366,0.42906881174259315,1.7469069191483415,2.7059760639792803,2.5744391765506602,2.0703866242085622,-0.045374118527754526,0.7342835514628478,3.8665473868895317,0.6034526442705497,0.3414908855886256,0.16198588956447552,2.757676534994885,0.24326044541430317,2.4482719452751405,2.7232323427930356,2.9744011149470264,2.095836141815976,-0.6246247539702949,1.4453519505163843,-1.6054289228440615,-0.6298487303788405,3.037233960337643,-1.4364577947260766,2.0061860759027015,0.29474163732164715,0.4844363281081545,50.78968370658366,0.2933070838684575,-0.002071296587585536,0.18040212020489843,0.5657175783888393,0.1457435536287317,0.16520882529292358,0.13976913931893442
9.009279561177196e-05,1.9040705153854585,2.8501718217336545,2.2137276669871104,1.5117426423597422,2.1000290531361228,0.42027690530288686,3.092512705398283,2.4304977196431565,3.927835730820425,-1.4375851164286007,1.2592806725530874,-3.048989374912821,0.16236403923222298,-1.5173582140535975,2.8195300204088793,-0.6573169706931519,2.510020881290237,1.0642832921268033,1.2835920824881693,0.7584369074410386,0.46695302150242546,3.904121181352268,3.7747420089961516,2.7723957546644957,0.8990657479123632,2.7471713492458765,1.2742755583511756,0.07518992678931813,-2.1153543679477513,-1.2670368169998651,-0.20634225281662255,-2.9638557000917234,-0.3347329393370515,0.9681653966349772,-2.6190050302644923,-2.279734223311176,0.07739843973195537,0.14648643112879434,0.38971583891647477,0.9149101058188993,21.555708994763982,0.19882778920913413,0.4530193890564611,0.5147906368479216,0.46020564888592297
7.457130125358462e-05,3.0342018710176633,3.9998687187948976,2.1992333154549817,2.2814041814977046,0.9796835946097294,1.6479492524561743,1.974797287129484,3.4093893496046643,0.3210296269112356,2.818464873661119,1.0298012695360113,-0.06395343864411185,-1.740232131490228,-0.5565712930978775,0.838467283390036,2.349679770846209,1.769042070358939,0.2861387600565699,0.3325861616986588,3.436134569122326,2.5696040015774306,0.23990099823119437,2.601137540378378,1.6967249909823017,2.79960504177512,1.9122711941125807,0.9108112552590575,-2.9643763381305224,-0.8448993037598274,0.9909728300955658,-1.326769644598419,-1.4938562909414883,2.3104991649521374,0.30207347535722473,0.3062633588379886,0.5752674913977605,0.24576647985231315,0.4427170418106545,0.2504915473108724,6.470735328021631,0.15566427928638493,0.49013746394509017,0.19182711905778582,0.3179383107934468,0.49390588279445247
1.3238660013239621e-05,1.5574713279458157,3.7922916713333596,2.1096069381621283,2.589096290770625,1.292690936275047,1.8899538742019193,2.1364799496208375,3.9319740469847435,0.9032035210224187,-2.9889693381383973,1.5278819334715639,-0.959896291426336,0.8787737056825469,0.8546669303082708,2.664179480659719,1.0664261173591436,1.387967822554427,3.0912304849476397,0.8447740136213917,3.0658168616146084,2.7521432743175454,3.1657497444094176,3.21559451992623,2.074296700950349,2.6002839249307477,3.0083239951202883,3.9534114650211567,-0.02029427143950846,1.5408951353790465,-0.2563996804417328,0.9672564908670935,2.2428466392370705,0.5487798670584709,0.09899725467093967,-2.8473573728742,1.0757597519577242,0.3768955087008514,0.12085679799256344,0.02073918701894062,5.65562643763524,0.46231607459378044,39.35970975157217,0.6630832914452576,0.4814169141388769,0.4766735735396699
0.0002452400529200748,0.14007511134561004,0.07381548707995439,0.7599818444542124,0.78510984707508,3.3853724885054186,2.2048319309637208,0.03608722054571824,1.0884247918025365,2.3141670037779036,3.141435164729204,-2.191852990955911,-1.00811919611701,2.6729240839179367,3.1175236783904507,2.553729260221095,-1.7922976027964503,2.412134050048458,1.2947946893943447,0.15509121417057237,1.413018298570462,2.6608111678538306,3.8295246545332726,1.349241828897529,3.3729173650897137,0.05903025801497012,0.8943869841219005,1.3688130855477423,0.7949355482920901,-2.925241227929671,2.2438189041142094,-2.4540475525955805,-2.8593462525583,2.579817050625688,0.8026802732864784,0.3457696422407692,0.5402965080873137,0.10506102870860268,-0.15328420004383858,0.34064161871313736,561.4441800728376,28.025432308127876,96.92117988152242,29.614712370641485,0.4862664719121703,1.1067257694763937
4.8959578521447256e-05,2.5912703951248766,3.8142942514822242,1.991573392682354,0.016047888223153603,2.4471242551302903,1.7656774268213435,2.63288747401767,3.377855174817378,0.9876099538090132,3.0817915094520796,0.9781415549649042,1.9180678856688749,3.102020328877214,-1.3646569884762814,-3.141584246042991,-0.3236698017470805,-3.075586341370835,1.2436161755630764,3.7023494315773187,3.049773432383494,3.9967919771527094,3.628042219982984,2.8879689227664675,0.6112167160432347,1.7642928107644542,0.3895529349820789,1.4131832304165335,-0.09570889719094211,-0.2017756970625837,0.8383694252642195,3.1167152276226906,0.8361576683640104,-1.1108216453034223,-2.0666528171891074,3.109209153135624,-0.4884827321514007,0.09826622337412694,-0.016174254723251735,0.3607772481011393,6.94558023931903,22.7612638726609,0.3296716757767406,0.6333812051489085,0.6321812717492756,0.6206356492523044
3.305584799976709e-05,3.9991637611545965,3.9982377738194486,2.724335148726818,1.6485740487236333,3.9704991335400597,1.4533332591378743,1.8836925051737787,3.9171036724478716,3.9108063950544847,-1.6229249599058073,2.164307068719703,1.094574206468062,2.4789313189535305,0.7134809721556792,1.4129935766489892,-0.7167714453589906,-3.130851215329419,-0.02314170643975766,3.060171782645009,2.8442729785057086,3.9606143567278753,2.586550951131823,0.37871660609863894,1.22785983031323,3.972943574497802,3.9554413011534177,2.161773329366934,-2.441937853950101,-0.7607511309234232,1.1137726418832594,-0.45390181189086176,1.4550352596489304,2.2352235141715724,-0.2730658736585987,-1.281784324266562,-0.8953879406717262,-0.07200428662487113,0.09686489682259936,0.29029051995710464,748.7006932627932,0.330401381390919,1.7130974304552389,0.6951609845088322,0.5943134668174137,0.8234997394488941
6.228687044648568e-05,1.8318204918187515,3.3438967472206715,2.1639700330772897,1.1302840996184274,2.315605304456893,3.164015312294823,0.4308584840982142,0.4468068356279585,3.4082934122495767,-2.833924578468138,1.7981441383267818,-2.5683871435269685,-0.29926738363294403,-2.358690315366783,3.0859514458785586,-3.059960194828864,-1.663009815561562,3.1408815892027793,0.3489076376794267,1.405982152638659,1.3929028835586967,3.47316042379528,0.41750528408662035,0.8344598029956766,3.8452379301699198,3.992227036203941,2.6196360459337282,1.0797882361408995,1.2521420827061878,2.650992603966701,-0.38368221335368347,-0.3296088424384638,0.43029270327905866,-1.443827876241861,1.062750312901037,1.8833999630947584,0.1071912319148769,0.33770931945451554,-0.03588968310511387,443.9998010422644,6.876450609825806,0.3029789819762261,0.5964416839472264,1.040678566937598,0.6177027163314337
4.8695011257299394e-05,0.9304873126878745,1.1133348112827386,3.8058946073910276,0.8116455194851141,1.265525066895337,1.6249879454020857,3.2096471464089085,3.3295667716996906,3.9316084896841326,0.015960190609997316,-0.9963106104941941,-0.04093592775995614,-1.2834927236030336,-1.948447002262795,-2.3141366175723994,2.3724966539686942,0.9720092293788101,0.37436553656006977,1.204325660148327,0.4199552692411621,3.855139036256896,3.0086003415568654,1.0971464774383382,0.2190063256494912,2.7371381928824836,0.5071208417981604,0.01947594696416636,1.0456971534304342,0.4448424240015232,0.34571567150147375,0.392258490598004,2.286489321594142,1.9345515738153978,0.4880684843276586,-1.318369917804397,2.7950855155691254,0.16024151007041088,0.03219877578124564,0.3378455676968253,40.587661674886164,17.271561456784376,0.22937883553247218,0.6818807500151767,0.4731413937646014,0.4624374742352346
